code,market_type,date,present_value,quant,buy_total,sell_total,market_sum,per,pbr
005930,0,2018-04-30,2650000,0,0,0,3402242,9.78,1.74
000660,0,2018-04-30,84500,4412687,490930,278694,615162,5.78,1.76
005935,0,2018-04-30,2125000,0,0,0,384042,7.84,1.4
005380,0,2018-04-30,160000,351174,108825,124739,352442,11.33,0.62
068270,0,2018-04-30,271000,1022167,71751,65076,339044,84.82,13.92
005490,0,2018-04-30,372500,357549,23028,16858,324771,11.64,0.68
207940,0,2018-04-30,488000,233991,22164,11257,322885,-332.88,8.12
028260,0,2018-04-30,140000,409655,366108,183168,265566,41.87,1.02
105560,0,2018-04-30,61200,561581,131174,235873,255884,7.73,0.72
051910,0,2018-04-30,360000,154986,15537,25114,254132,14.48,1.71
012330,0,2018-04-30,248000,163884,27337,25919,241413,15.4,0.8
015760,0,2018-04-30,37450,2820836,81442,316046,240416,18.51,0.34
035420,0,2018-04-30,716000,60470,17868,7270,236013,30.54,4.42
032830,0,2018-04-30,117000,111975,62867,67015,234000,20.07,0.72
055550,0,2018-04-30,47650,595712,153918,151729,225956,7.74,0.69
051900,0,2018-04-30,1370000,42344,541,1698,213969,40.01,7.66
034730,0,2018-04-30,294000,81979,31583,12368,206859,12.43,1.21
090430,0,2018-04-30,349000,202542,21194,39259,204020,61.13,5.8
018260,0,2018-04-30,245000,83270,14636,28346,189576,35.75,3.41
017670,0,2018-04-30,228500,143344,21531,17623,184504,7.1,0.9
096770,0,2018-04-30,196500,213769,30469,41776,181695,8.75,1.01
066570,0,2018-04-30,102000,573590,131502,215650,166921,10.69,1.39
086790,0,2018-04-30,47750,561809,90940,135039,143366,6.94,0.59
011170,0,2018-04-30,414000,56134,4058,6907,141900,6.32,1.24
003550,0,2018-04-30,81100,171638,38469,29904,139944,5.95,0.89
033780,0,2018-04-30,97800,161786,98275,39098,134272,11.54,1.59
000270,0,2018-04-30,33100,1718503,115885,273945,134175,13.86,0.49
000810,0,2018-04-30,267500,54000,13639,22618,126728,14.0,0.95
006400,0,2018-04-30,183500,163778,25018,33931,126183,19.65,1.09
251270,0,2018-04-30,147500,548215,30382,86731,125524,37.84,2.9
010950,0,2018-04-30,110000,236041,162788,54484,123841,10.29,1.87
002790,0,2018-04-30,143000,66661,18016,18947,117915,62.75,3.97
000030,0,2018-04-30,16050,1239666,351363,644728,108498,7.17,0.53
024110,0,2018-04-30,16850,687032,174789,519929,94356,7.38,0.56
009150,0,2018-04-30,118500,779817,153364,121441,88512,56.86,2.12
035720,0,2018-04-30,111000,616918,266497,112241,84664,69.29,1.87
034220,0,2018-04-30,23450,2831860,489561,203756,83908,4.65,0.58
009540,0,2018-04-30,119500,177735,36588,44598,82653,3.18,0.64
010130,0,2018-04-30,433500,34361,6072,5909,81801,13.0,1.29
004020,0,2018-04-30,60600,2925877,35570,129019,80868,11.29,0.48
036570,0,2018-04-30,360000,63840,9086,11007,78980,17.91,2.81
139480,0,2018-04-30,270000,53983,8484,17762,75265,12.22,0.91
004990,0,2018-04-30,65100,88861,19876,7107,73977,6.14,0.65
023530,0,2018-04-30,256000,73293,9572,13770,71992,-57.7,0.57
030200,0,2018-04-30,27250,302228,151337,118816,71153,14.92,0.57
000720,0,2018-04-30,63600,12865177,29341,213742,70822,35.14,1.1
267250,0,2018-04-30,422500,29803,2095,7237,68811,4.88,0.83
006800,0,2018-04-30,9780,2520658,88486,209249,65166,13.22,0.75
021240,0,2018-04-30,87500,87865,13761,11435,64575,20.22,6.42
086280,0,2018-04-30,168500,167643,35054,13291,63188,9.29,1.58
035250,0,2018-04-30,28900,295663,74917,65401,61829,14.13,1.67
161390,0,2018-04-30,49450,655859,37554,53121,61256,10.23,0.96
018880,0,2018-04-30,10900,903347,203932,253877,58184,20.15,2.94
078930,0,2018-04-30,61300,109778,26158,25248,56957,5.89,0.75
069500,0,2018-04-30,32300,2985714,95636,144336,56929,,
088350,0,2018-04-30,6230,644753,200999,133358,54109,9.26,0.5
032640,0,2018-04-30,12300,1099915,161307,253344,53703,9.82,1.03
128940,0,2018-04-30,466000,45506,5510,2217,53057,87.79,7.42
097950,0,2018-04-30,343000,59937,5373,15627,51632,13.43,1.44
071050,0,2018-04-30,91100,133110,13294,13869,50766,11.0,1.38
036460,0,2018-04-30,54800,402419,8839,50826,50588,-4.2,0.61
008930,0,2018-04-30,77800,82679,15097,3744,49402,164.14,7.27
271560,0,2018-04-30,124500,37393,12675,15559,49219,38.18,3.76
009830,0,2018-04-30,28950,483426,94355,85722,47712,5.82,0.79
001040,0,2018-04-30,162500,50072,19364,22580,47413,11.02,1.18
004800,0,2018-04-30,131500,248828,27476,48077,46179,14.18,1.2
008770,0,2018-04-30,116000,854541,58415,200646,45528,183.54,6.58
005830,0,2018-04-30,62900,151506,26220,25301,44533,6.74,0.86
005940,0,2018-04-30,15600,776410,195306,227129,43900,13.38,0.97
005387,0,2018-04-30,115000,289589,17741,22854,43256,8.14,0.45
029780,0,2018-04-30,37300,102014,4889,9222,43215,11.17,0.59
047810,0,2018-04-30,43200,949267,80237,27537,42109,-17.9,3.69
002380,0,2018-04-30,391000,26885,541,3324,41276,98.79,0.66
004170,0,2018-04-30,417500,66752,3874,2001,41104,22.55,1.2
012750,0,2018-04-30,98100,26785,4264,3302,37277,26.01,2.75
010060,0,2018-04-30,156000,227319,36264,25238,37205,15.84,1.11
000120,0,2018-04-30,156500,126411,9767,22479,35701,113.41,1.16
028050,0,2018-04-30,17950,2090685,277280,213850,35182,-77.71,3.43
012630,0,2018-04-30,46400,0,0,0,34978,8.98,1.16
001450,0,2018-04-30,38250,128955,24005,31428,34196,7.36,0.98
138930,0,2018-04-30,10450,2035515,398526,525268,34060,8.45,0.48
079440,0,2018-04-30,41200,155969,15004,29659,33784,9.93,0.92
016360,0,2018-04-30,37100,647290,71578,90027,33130,11.87,0.75
282330,0,2018-04-30,191000,95324,5190,6045,33012,19.72,8.49
011780,0,2018-04-30,107500,662418,18616,56151,32753,16.86,1.63
241560,0,2018-04-30,32600,336315,15662,35465,32681,11.94,0.95
003490,0,2018-04-30,34150,534425,36257,71148,32389,3.96,0.9
088980,0,2018-04-30,8950,369107,46567,277261,31239,,
003410,0,2018-04-30,29850,2085412,3983,35844,30080,9.74,1.54
000880,0,2018-04-30,39950,300728,16629,18014,29946,9.65,0.81
000210,0,2018-04-30,86000,1092582,27909,16701,29928,6.77,0.66
028670,0,2018-04-30,5500,3502396,234831,331737,29400,20.52,1.23
006360,0,2018-04-30,40800,3415109,15381,56208,29251,-17.3,0.9
102110,0,2018-04-30,32265,955907,117378,35005,28797,,
010140,0,2018-04-30,7350,3923999,438685,138004,28665,-9.6,0.53
007070,0,2018-04-30,37200,903251,15285,23929,28644,24.23,1.41
000100,0,2018-04-30,229000,58940,8683,4962,27959,26.14,1.63
017800,0,2018-04-30,104000,2923731,121155,148820,27839,27.36,3.06
047050,0,2018-04-30,22550,620138,92144,52314,27821,15.62,0.99
011070,0,2018-04-30,116500,235308,65723,47763,27572,15.78,1.41
026960,0,2018-04-30,27550,45866,6375,18201,27467,22.45,2.23
009240,0,2018-04-30,116500,110776,18620,20681,27417,28.57,4.05
007310,0,2018-04-30,794000,4331,618,1205,27314,20.81,2.44
047040,0,2018-04-30,6350,9782352,126040,131351,26392,10.19,1.16
039490,0,2018-04-30,118500,146259,14764,10168,26188,10.9,1.72
005385,0,2018-04-30,103000,92457,14232,11725,25863,7.29,0.4
042660,0,2018-04-30,24000,1255918,15252,11831,25729,3.22,0.75
006280,0,2018-04-30,216500,39166,3668,6020,25301,47.52,2.38
008560,0,2018-04-30,4165,1672703,295240,93093,25225,7.45,0.87
122630,0,2018-04-30,17200,9420624,304447,333891,25215,,
006260,0,2018-04-30,77900,250695,12947,6761,25084,8.45,0.79
069960,0,2018-04-30,103500,127901,18181,42378,24222,9.55,0.59
000150,0,2018-04-30,121000,167139,8219,15604,23230,75.91,0.96
000060,0,2018-04-30,20950,100749,17474,6185,23116,6.02,1.29
051600,0,2018-04-30,50700,202056,16859,18061,22815,16.78,2.52
064350,0,2018-04-30,26700,11217693,367629,0,22695,-47.94,1.69
030000,0,2018-04-30,19100,241279,53200,57263,21973,17.29,2.29
042670,0,2018-04-30,10250,11514425,562766,860483,21335,14.32,1.34
204320,0,2018-04-30,227000,76091,5580,4950,21319,445.97,1.57
069620,0,2018-04-30,178000,105761,12481,5813,20624,65.3,3.54
010120,0,2018-04-30,68600,352553,8831,11515,20580,19.58,1.76
139130,0,2018-04-30,12000,613087,72508,177108,20297,6.72,0.52
004370,0,2018-04-30,324000,31779,2188,3765,19708,21.74,1.02
138040,0,2018-04-30,13950,62665,15798,14422,19561,5.39,0.94
034020,0,2018-04-30,17900,2354017,92216,294824,19057,-7.32,0.63
011200,0,2018-04-30,6070,68931886,433899,332999,18927,-1.08,2.13
090435,0,2018-04-30,178500,9046,2953,3188,18846,31.27,2.96
267270,0,2018-04-30,190000,243796,3312,29020,18765,24.84,1.59
005250,0,2018-04-30,38200,31702,6775,5911,17965,43.66,2.13
006650,0,2018-04-30,275500,23404,1222,2279,17908,8.36,1.15
010620,0,2018-04-30,89500,158141,7103,3787,17900,4.1,0.81
004000,0,2018-04-30,68600,70478,9302,14406,17699,19.83,1.46
071840,0,2018-04-30,74500,51692,3219,8354,17588,11.85,0.87
120110,0,2018-04-30,68400,95383,9182,12093,17551,14.16,0.89
161890,0,2018-04-30,81800,85514,8025,11616,17263,36.52,5.66
000240,0,2018-04-30,18300,84652,13108,17585,17023,10.04,0.57
114090,0,2018-04-30,27300,347681,19680,34695,16887,20.97,3.17
051905,0,2018-04-30,770000,2518,242,382,16168,22.49,4.3
009420,0,2018-04-30,30550,622419,63605,29772,15960,275.23,14.06
081660,0,2018-04-30,130500,107135,5238,16502,15951,25.34,2.0
051915,0,2018-04-30,206000,5197,1223,1367,15839,8.29,0.98
192820,0,2018-04-30,157000,55417,8035,17865,15778,83.69,7.23
079160,0,2018-04-30,74300,162563,8169,8888,15723,-1125.76,5.11
003520,0,2018-04-30,8580,1833963,187149,49190,15692,858.0,13.12
000670,0,2018-04-30,844000,1029,238,474,15547,6.36,0.49
020150,0,2018-04-30,33450,360329,13738,14230,15387,33.45,2.9
001800,0,2018-04-30,24500,61196,22890,20679,15348,0.7,0.8
000080,0,2018-04-30,21800,157518,37310,50396,15289,122.47,1.25
005440,0,2018-04-30,15400,136635,37554,103196,15046,13.26,0.8
233740,0,2018-04-30,21020,9458789,58369,24573,14672,,
012510,0,2018-04-30,49400,121882,5291,5804,14658,36.59,7.96
011210,0,2018-04-30,53700,162796,21372,12908,14604,-23.18,0.45
180640,0,2018-04-30,24500,560112,29606,27888,14497,6.59,0.96
003240,0,2018-04-30,1298000,617,121,48,14452,10.41,0.4
001440,0,2018-04-30,1685,8144230,110460,998563,14432,-33.04,4.4
011790,0,2018-04-30,38100,58662,14548,4805,14301,13.0,0.93
003690,0,2018-04-30,11800,274141,49973,78142,14204,10.68,0.63
052690,0,2018-04-30,36850,698476,16416,8923,14084,66.4,3.07
001740,0,2018-04-30,5620,1085130,61626,69484,13948,41.63,0.57
148020,0,2018-04-30,32405,370832,93297,107201,13853,,
039130,0,2018-04-30,119000,93119,10317,18761,13823,106.63,6.43
082640,0,2018-04-30,8240,99430,14217,10718,13296,6.45,0.53
214320,0,2018-04-30,66400,33549,2848,3308,13280,21.6,1.98
111770,0,2018-04-30,29900,100723,9678,7530,13249,12.19,1.07
226320,0,2018-04-30,59700,102665,4493,4097,13092,44.39,2.41
057050,0,2018-04-30,108500,35044,14475,8458,13020,10.63,0.82
115390,0,2018-04-30,23600,87071,20389,16865,12980,37.17,2.0
005300,0,2018-04-30,1620000,1062,217,106,12949,15.05,1.01
089590,0,2018-04-30,48950,75818,1236,9215,12902,16.57,3.87
003000,0,2018-04-30,26000,433270,59750,21023,12706,114.54,5.83
012450,0,2018-04-30,24100,1117350,82158,62178,12677,-26.4,0.58
003300,0,2018-04-30,166000,42928,2458,5028,12525,21.92,0.75
102780,0,2018-04-30,7220,63249,178337,92998,12151,,
027410,0,2018-04-30,12700,507826,60946,70819,12112,0.17,0.58
181710,0,2018-04-30,61600,86371,8752,3202,12052,72.56,0.79
018250,0,2018-04-30,45200,315917,2629,6948,11851,25.32,8.18
002350,0,2018-04-30,12050,75657,22678,46301,11769,9.98,0.93
285130,0,2018-04-30,101500,86296,18597,18509,11754,-13.17,1.9
153130,0,2018-04-30,100610,26196,49220,51324,11697,,
185750,0,2018-04-30,117000,52392,15171,6397,11559,21.48,2.88
014820,0,2018-04-30,45050,18639,1885,1029,11541,16.36,2.99
214980,0,2018-04-30,100655,5522,21444,12450,11425,,
006040,0,2018-04-30,338000,2416,215,1582,11368,6.81,1.25
005610,0,2018-04-30,129000,5499,2014,4022,11131,29.16,3.73
020560,0,2018-04-30,5300,2081437,79258,279782,10877,4.32,0.95
069260,0,2018-04-30,26600,57328,3743,23327,10874,9.51,1.75
023590,0,2018-04-30,24150,242951,17759,22172,10835,9.46,0.99
003090,0,2018-04-30,18600,384025,14932,6912,10814,16.33,1.47
006490,0,2018-04-30,12200,7481849,232571,125596,10718,-2033.33,29.62
103140,0,2018-04-30,38150,129598,13998,10343,10691,7.1,0.82
001230,0,2018-04-30,11000,1898553,112161,115250,10498,234.04,0.46
001120,0,2018-04-30,26450,285620,60667,16903,10252,17.03,0.86
005690,0,2018-04-30,17300,6118603,110993,145951,10114,-25.78,18.04
282000,0,2018-04-30,100295,7,15000,11993,10107,,
010780,0,2018-04-30,32700,229666,2150,9461,10081,5.16,0.95
157450,0,2018-04-30,100535,534,33483,19048,10009,,
229200,0,2018-04-30,14920,2495105,25643,14253,9967,,
073240,0,2018-04-30,6220,2496047,99941,264209,9827,-7.87,1.03
032350,0,2018-04-30,21400,275135,21191,10952,9715,289.19,5.69
085620,0,2018-04-30,5470,229255,27157,59647,9683,4.11,0.44
001430,0,2018-04-30,27000,64614,4430,7105,9683,7.64,0.52
006840,0,2018-04-30,73000,23070,6265,3650,9671,9.7,1.34
024720,0,2018-04-30,57300,121998,2942,4948,9597,34.23,3.25
267260,0,2018-04-30,94000,374964,935,3328,9593,41.16,0.92
031430,0,2018-04-30,134000,27512,4127,4857,9568,39.75,1.94
175330,0,2018-04-30,6150,168478,30539,9945,9560,5.16,0.39
284740,0,2018-04-30,213000,6327,162,191,9558,35.98,2.72
272450,0,2018-04-30,31850,107080,12717,38299,9555,11.71,4.12
000070,0,2018-04-30,111000,52827,2663,7679,9506,26.13,0.63
071320,0,2018-04-30,80500,6754,556,1520,9321,13.34,0.51
170900,0,2018-04-30,110000,47657,12392,7629,9288,-172.14,1.6
152100,0,2018-04-30,32345,29485,52242,51972,9267,,
001680,0,2018-04-30,26600,128441,12960,47761,9216,18.17,1.1
049770,0,2018-04-30,238500,2061,560,251,9204,17.91,1.55
145990,0,2018-04-30,89100,15584,1554,1271,9168,26.76,0.82
003470,0,2018-04-30,4570,894010,51703,40108,9122,13.72,0.85
025860,0,2018-04-30,18250,2892157,102922,33236,9066,33.73,2.08
105630,0,2018-04-30,22600,103818,11235,30526,9040,20.91,1.86
009410,0,2018-04-30,11700,842931,30348,121944,8939,10.24,0.87
000370,0,2018-04-30,7510,541766,113978,49392,8767,4.84,0.74
093370,0,2018-04-30,9420,674213,59405,30332,8724,29.53,4.93
145720,0,2018-04-30,78700,51368,1630,4947,8711,28.98,4.19
079550,0,2018-04-30,39550,324880,16568,5425,8701,-100.89,1.44
018670,0,2018-04-30,93900,13139,2481,1369,8502,8.33,0.55
002270,0,2018-04-30,745000,2096,243,214,8432,10.32,1.02
093050,0,2018-04-30,28200,61500,8427,11573,8246,11.19,0.75
001060,0,2018-04-30,41600,160604,6978,7803,8199,-1223.53,3.31
020000,0,2018-04-30,33200,44659,5582,6334,8177,15.18,0.79
006120,0,2018-04-30,42650,77473,7005,10304,8120,1.48,0.48
280360,0,2018-04-30,190000,4150,292,719,7997,87.56,0.97
014680,0,2018-04-30,70700,75586,6219,2752,7986,14.72,2.44
069660,0,2018-04-30,32605,46445,188986,105850,7972,,
007570,0,2018-04-30,41000,98800,8583,8353,7809,-854.17,3.92
105190,0,2018-04-30,32545,365569,20163,130748,7795,,
034830,0,2018-04-30,3080,877297,98999,209283,7777,4.65,1.06
000640,0,2018-04-30,126000,10590,5348,2324,7734,23.73,0.85
033180,0,2018-04-30,17800,5900040,104756,65610,7670,124.48,5.99
009450,0,2018-04-30,59700,53428,2817,5590,7605,28.78,2.94
034310,0,2018-04-30,19900,96834,11454,5746,7539,15.32,1.26
005850,0,2018-04-30,22200,56748,6043,9137,7518,7.9,0.78
108670,0,2018-04-30,81400,114005,3826,10443,7300,12.0,0.82
009970,0,2018-04-30,53500,3406,334,1011,7295,10.19,0.7
066575,0,2018-04-30,42050,20729,3671,4498,7227,4.41,0.57
005880,0,2018-04-30,28700,197947,7917,13324,7010,5.53,1.06
278540,0,2018-04-30,9870,2151,55006,59938,6998,,
272580,0,2018-04-30,50330,320,28899,26867,6993,,
003540,0,2018-04-30,13750,204044,47187,87948,6981,10.29,0.53
003620,0,2018-04-30,5050,260843,23514,20306,6966,-10.56,0.9
004430,0,2018-04-30,28950,450656,11300,24963,6948,19.63,1.82
025620,0,2018-04-30,25850,1579208,6745,32445,6846,23.63,5.33
003230,0,2018-04-30,90100,65957,3525,974,6787,23.67,3.39
001820,0,2018-04-30,64900,528311,10565,4384,6746,43.47,9.77
007700,0,2018-04-30,43700,37560,3574,1490,6730,8.99,2.27
042700,0,2018-04-30,10500,244729,30721,48187,6676,70.47,2.68
019680,0,2018-04-30,7840,17125,59379,11643,6641,19.55,1.05
037560,0,2018-04-30,8540,358764,14742,2110,6614,22.9,0.67
114800,0,2018-04-30,6000,3601087,755137,429646,6612,,
011690,0,2018-04-30,11800,1013732,97168,72241,6583,143.9,4.89
241590,0,2018-04-30,21700,37626,6537,1876,6568,14.46,2.55
005180,0,2018-04-30,66500,27170,879,7602,6551,22.12,1.11
00680K,0,2018-04-30,4615,445350,114648,24737,6461,6.24,0.35
123890,0,2018-04-30,6200,212498,16728,12883,6370,5.07,1.23
192400,0,2018-04-30,119000,13450,2404,3151,6326,2.51,1.47
002020,0,2018-04-30,51900,22041,2117,4879,6260,7.01,0.89
005500,0,2018-04-30,44750,65008,12020,3267,6220,17.38,2.85
007460,0,2018-04-30,12450,559956,109545,48773,6197,106.41,4.14
029530,0,2018-04-30,60500,8008,2368,1373,6098,19.25,0.7
053210,0,2018-04-30,12500,43931,15428,34323,5978,10.42,1.03
000990,0,2018-04-30,13450,399598,52655,48860,5972,5.43,1.28
271980,0,2018-04-30,40300,65395,9641,1596,5926,325.0,3.33
002240,0,2018-04-30,29300,37173,2090,2843,5860,24.75,0.43
000815,0,2018-04-30,183500,6339,1386,757,5857,9.6,0.65
031440,0,2018-04-30,150500,15612,1729,4261,5828,28.27,1.85
183190,0,2018-04-30,148000,153492,853,2933,5766,8.88,0.71
112610,0,2018-04-30,33300,20299,1659,5105,5756,14.78,1.74
192530,0,2018-04-30,11200,43835,15949,31933,5747,4.28,0.36
278530,0,2018-04-30,9855,575487,330010,416096,5736,,
017810,0,2018-04-30,149500,1641,448,3629,5695,14.79,2.08
232080,0,2018-04-30,15025,663649,32030,80357,5586,,
003030,0,2018-04-30,93100,119254,3036,1003,5586,21.92,0.44
003530,0,2018-04-30,3235,719237,36574,34944,5579,10.64,0.65
060980,0,2018-04-30,51200,27354,2108,3432,5531,12.86,0.59
058650,0,2018-04-30,137500,929,389,493,5500,4.09,0.29
001720,0,2018-04-30,58500,2857,885,1936,5491,15.54,0.5
019170,0,2018-04-30,10350,874738,82867,111780,5484,272.37,2.41
096760,0,2018-04-30,8660,482551,20318,23304,5478,10.11,3.26
249420,0,2018-04-30,24900,149131,18979,7144,5376,27.09,1.89
003850,0,2018-04-30,12100,401037,16734,38332,5348,9.43,2.13
273130,0,2018-04-30,99930,3418,15000,14689,5274,,
025540,0,2018-04-30,50600,18289,6187,1917,5270,10.58,0.78
001520,0,2018-04-30,2200,2239277,30922,196876,5251,32.35,0.53
570019,0,2018-04-30,10460,1201260,119266,2334585,5230,,
079430,0,2018-04-30,24250,146944,16755,6680,4980,11.49,1.18
014830,0,2018-04-30,55800,75080,978,756,4961,12.53,0.76
072710,0,2018-04-30,106500,2518,1135,860,4939,12.15,0.57
126560,0,2018-04-30,4350,32341,4849,17130,4910,11.27,0.72
500019,0,2018-04-30,19615,6085,67752,68021,4904,,
003920,0,2018-04-30,678000,971,81,392,4882,119.72,0.64
033920,0,2018-04-30,16950,11638,17205,5895,4831,9.38,0.89
009290,0,2018-04-30,9200,266142,32914,22937,4823,20.81,0.95
064960,0,2018-04-30,32800,140555,84821,6605,4796,8.44,0.67
210980,0,2018-04-30,29600,20272,3249,5580,4782,8.8,1.85
002990,0,2018-04-30,13200,972961,16637,83071,4732,4.98,1.19
006060,0,2018-04-30,8550,212122,19548,9605,4730,12.97,1.94
138250,0,2018-04-30,14000,58014,32263,4798,4717,8.55,1.11
034120,0,2018-04-30,25800,41512,13387,5173,4709,31.31,0.82
161000,0,2018-04-30,14650,211751,25324,19685,4694,7.21,1.52
079980,0,2018-04-30,13500,368483,7876,154510,4658,20.8,1.11
101530,0,2018-04-30,15800,49858,16942,13950,4600,61.72,1.45
033270,0,2018-04-30,28350,111319,9630,9748,4595,16.49,2.08
004490,0,2018-04-30,32500,7112,4534,4177,4550,6.84,0.5
004690,0,2018-04-30,111500,3800,3803,1410,4521,34.21,0.32
002390,0,2018-04-30,32850,72994,4278,3096,4521,84.88,1.44
033660,0,2018-04-30,7780,42132,9965,11926,4477,8.61,0.63
007630,0,2018-04-30,14200,339652,23856,11027,4469,-86.06,16.16
016450,0,2018-04-30,11050,95119,6335,18105,4420,13.95,1.53
006390,0,2018-04-30,26300,710912,11014,4867,4407,7.17,2.11
082740,0,2018-04-30,6280,688786,55965,105378,4365,-42.15,0.8
036580,0,2018-04-30,11850,29663,22642,23886,4352,10.98,1.34
017390,0,2018-04-30,86600,313,146,556,4330,11.92,0.37
002960,0,2018-04-30,333000,1467,1276,303,4329,17.86,4.35
002210,0,2018-04-30,17400,995986,69739,32684,4308,-1933.33,6.03
017940,0,2018-04-30,62500,4404,910,1203,4288,5.08,0.31
078520,0,2018-04-30,17250,158230,39456,24960,4282,37.18,1.4
011810,0,2018-04-30,23850,0,0,0,4260,1.14,10.72
004870,0,2018-04-30,5960,909768,118949,54244,4229,13.76,5.06
070960,0,2018-04-30,8770,3117592,18476,20119,4221,24.91,1.03
281820,0,2018-04-30,21200,88671,5357,2938,4206,6.29,2.05
102460,0,2018-04-30,25000,72084,2456,6220,4192,31.25,1.79
000400,0,2018-04-30,3095,300726,79057,49828,4156,5.57,0.75
234080,0,2018-04-30,26200,216785,17636,3055,4149,24.72,4.06
101060,0,2018-04-30,2960,62053,25186,8390,4141,87.06,0.6
044820,0,2018-04-30,42950,72202,1950,1675,4125,107.38,1.42
008730,0,2018-04-30,16600,19172,8969,6839,4117,15.08,1.23
074610,0,2018-04-30,18800,715982,51297,13145,4115,-32.47,30.58
010050,0,2018-04-30,610,3224172,421313,391036,4113,14.88,1.41
213500,0,2018-04-30,17200,127342,16812,36745,4094,9.49,0.78
009580,0,2018-04-30,6560,407930,15404,17753,4091,11.21,0.73
000050,0,2018-04-30,14900,44470,22381,2149,4085,16.14,0.58
008060,0,2018-04-30,8330,65722,14054,8615,4065,11.41,0.67
002000,0,2018-04-30,40300,4946,334,683,4062,3.09,0.61
016580,0,2018-04-30,21650,160828,13243,10878,4027,14.82,1.36
007690,0,2018-04-30,69200,90704,1013,5108,4021,9.79,0.86
030210,0,2018-04-30,6620,698183,30622,38833,3993,13.01,0.96
015350,0,2018-04-30,36050,1105,1547,235,3966,8.81,0.62
008490,0,2018-04-30,34050,28074,2572,4404,3939,17.07,1.44
001510,0,2018-04-30,1215,2539888,1068810,1309911,3889,20.95,0.87
005720,0,2018-04-30,7190,18534,68777,18160,3850,4.83,0.45
196230,0,2018-04-30,103455,1322,19199,11479,3850,,
00088K,0,2018-04-30,17050,18905,16328,14100,3831,4.12,0.35
136490,0,2018-04-30,16100,76837,4263,14260,3829,5.59,1.19
003220,0,2018-04-30,20000,58957,19888,8296,3820,35.59,2.24
010955,0,2018-04-30,94600,5392,2102,4431,3805,8.85,1.61
005810,0,2018-04-30,48450,3475,379,1190,3796,5.66,0.47
030790,0,2018-04-30,4000,2105492,48803,41758,3773,-12.2,4.67
030610,0,2018-04-30,10400,81003,28720,35833,3744,5.11,0.44
002795,0,2018-04-30,57700,6848,2145,982,3718,25.32,1.6
000540,0,2018-04-30,5740,25977,15241,3110,3688,4.39,0.59
016590,0,2018-04-30,91300,71093,1304,1897,3679,12.98,1.34
004380,0,2018-04-30,17500,143078,10223,6109,3675,13.01,2.0
037710,0,2018-04-30,229000,331,259,115,3664,7.66,0.63
001725,0,2018-04-30,51800,2171,881,662,3654,13.76,0.44
001200,0,2018-04-30,3770,475651,44476,30176,3652,6.51,0.52
097230,0,2018-04-30,3380,374428,24391,43559,3585,-1.29,0.62
003060,0,2018-04-30,4125,2975456,197147,33886,3580,-20.62,4.48
001390,0,2018-04-30,28500,140113,2527,9411,3543,78.73,1.41
016800,0,2018-04-30,30800,2346,970,896,3542,16.06,0.76
007160,0,2018-04-30,70700,11062,2937,2609,3535,8.08,0.91
094800,0,2018-04-30,3800,35126,25924,28701,3528,,
104700,0,2018-04-30,38300,0,0,0,3527,-8.13,0.49
001630,0,2018-04-30,69800,18203,2364,1779,3497,7.28,0.86
001500,0,2018-04-30,11850,93983,10373,58275,3476,6.93,0.41
002150,0,2018-04-30,10300,4600293,58662,226453,3473,29.68,1.47
002780,0,2018-04-30,2375,365782,21084,33852,3452,14.48,4.58
214420,0,2018-04-30,19400,159624,9971,11024,3422,-62.18,2.97
009680,0,2018-04-30,10300,47726,19094,8130,3399,26.75,0.58
084690,0,2018-04-30,9380,67448,2793,15310,3397,13.42,0.68
292190,0,2018-04-30,14935,1101501,5669,46343,3375,,
214390,0,2018-04-30,14100,170040,21407,25814,3371,18.77,2.38
001780,0,2018-04-30,4520,2651430,37125,13923,3368,26.28,1.63
152330,0,2018-04-30,16800,25543,8542,8775,3360,7.51,1.06
000480,0,2018-04-30,83400,41,468,165,3336,24.31,0.49
000155,0,2018-04-30,75000,16377,1414,680,3308,47.05,0.6
161510,0,2018-04-30,13080,30601,33877,38033,3304,,
002030,0,2018-04-30,150500,15948,488,536,3297,7.54,0.42
001250,0,2018-04-30,3995,2476038,17466,34550,3297,15.61,0.9
016880,0,2018-04-30,4520,1546447,52061,21564,3285,129.14,0.91
002250,0,2018-04-30,27650,1149,906,2042,3279,31.53,1.69
007340,0,2018-04-30,32750,2044,447,522,3273,14.89,0.58
122900,0,2018-04-30,9070,138420,16373,7557,3260,42.38,0.83
000970,0,2018-04-30,14200,989069,14137,62442,3238,13.27,1.23
000020,0,2018-04-30,11550,243940,77127,35447,3226,6.86,1.07
005420,0,2018-04-30,20850,672011,35300,17668,3224,13.59,2.95
176950,0,2018-04-30,49390,1025,34802,34370,3209,,
001130,0,2018-04-30,188000,3981,387,1124,3177,6.22,0.44
005070,0,2018-04-30,19350,0,0,0,3150,36.37,4.25
027390,0,2018-04-30,52300,121120,3000,10859,3138,-29.38,1.28
003560,0,2018-04-30,2140,1101675,153338,70988,3129,125.88,1.35
102260,0,2018-04-30,6820,158337,15281,56344,3099,31.57,1.01
252670,0,2018-04-30,5780,6608219,830212,470217,3092,,
002320,0,2018-04-30,25800,91174,8754,6872,3089,-6.88,0.42
278240,0,2018-04-30,20055,248556,9611,17752,3084,,
004130,0,2018-04-30,14900,306604,41110,14612,3066,10.07,0.68
268280,0,2018-04-30,59100,569,808,109,3061,11.95,1.65
006380,0,2018-04-30,7650,1292083,28611,37620,3060,24.76,1.16
003120,0,2018-04-30,115000,205,916,159,3059,116.4,0.48
033240,0,2018-04-30,17050,428102,22077,13950,3052,12.9,1.01
016380,0,2018-04-30,11200,23569,15604,10041,3050,-1.26,0.96
275980,0,2018-04-30,11080,405111,2033,65878,3025,,
068400,0,2018-04-30,13550,394164,41433,28358,3001,23.77,1.22
195870,0,2018-04-30,17600,89703,42471,3024,2992,12.48,1.65
095570,0,2018-04-30,6360,40444,7514,3151,2978,19.88,1.03
014790,0,2018-04-30,8130,8459091,39930,0,2967,8.18,0.97
011760,0,2018-04-30,22400,1486105,6710,8990,2963,11.86,0.78
138490,0,2018-04-30,7780,65956,17613,2067,2956,16.91,1.52
001260,0,2018-04-30,29950,1778835,12930,4360,2943,173.12,6.78
091090,0,2018-04-30,4825,1917304,17327,31829,2943,-37.7,1.54
270810,0,2018-04-30,14650,42484,10166,42080,2937,,
003070,0,2018-04-30,11550,256819,11087,37016,2912,17.53,0.63
025000,0,2018-04-30,60100,1605,510,1407,2909,10.98,0.66
084010,0,2018-04-30,11800,640770,14771,17969,2908,9.43,0.58
123690,0,2018-04-30,18100,396553,31657,41550,2908,72.11,4.9
002810,0,2018-04-30,17500,39498,6806,3225,2882,10.11,0.93
139260,0,2018-04-30,22500,17601,31278,34682,2880,,
150460,0,2018-04-30,9100,115184,37537,57653,2866,,
007210,0,2018-04-30,4180,467372,13897,19689,2866,26.46,1.05
272550,0,2018-04-30,20000,16140,10461,8659,2842,10.17,1.16
035510,0,2018-04-30,164500,20781,2829,2348,2829,28.52,1.62
092230,0,2018-04-30,66400,1336,357,930,2805,6.95,0.44
152870,0,2018-04-30,32965,9311,30142,30199,2786,,
011930,0,2018-04-30,1610,941001,240589,230814,2785,-7.12,2.31
029460,0,2018-04-30,20500,98717,2943,4103,2779,8.41,1.2
002310,0,2018-04-30,31000,49274,1573,3978,2777,55.26,0.6
000430,0,2018-04-30,4355,325132,10556,4094,2700,12.41,0.59
004710,0,2018-04-30,12200,154766,64851,18689,2697,14.42,1.23
004960,0,2018-04-30,23300,345411,2992,27481,2693,3.41,0.73
004970,0,2018-04-30,16700,11193,18400,10600,2672,10.08,0.56
000680,0,2018-04-30,3380,16071,9588,5904,2664,12.95,0.4
005960,0,2018-04-30,12650,369058,20282,90762,2639,2.77,0.88
017960,0,2018-04-30,5990,171876,46369,3974,2633,352.35,0.79
001940,0,2018-04-30,71100,0,0,0,2627,20.41,0.29
010820,0,2018-04-30,5590,18132521,268216,62505,2614,72.6,3.42
015860,0,2018-04-30,5270,145236,49372,12781,2601,-13.24,0.9
004360,0,2018-04-30,13300,22595,7220,8255,2568,9.77,0.39
009270,0,2018-04-30,3525,23526476,64179,158160,2564,-23.5,1.17
210540,0,2018-04-30,23200,1056259,13287,9014,2562,8.39,2.0
081000,0,2018-04-30,22700,121574,15419,6198,2560,33.73,2.65
077970,0,2018-04-30,11100,50015,6317,7682,2554,-50.92,3.07
004700,0,2018-04-30,38200,3404,1145,365,2540,11.53,0.61
001270,0,2018-04-30,24350,4965,1089,677,2525,8.71,0.5
003200,0,2018-04-30,105000,2907,1430,445,2520,15.78,0.35
071055,0,2018-04-30,42650,15482,3207,562,2499,5.15,0.65
011280,0,2018-04-30,3510,345331,2814,24941,2485,,0.8
005740,0,2018-04-30,16650,489364,10685,32069,2472,1.2,0.88
015360,0,2018-04-30,41000,741,947,446,2460,10.87,0.32
001880,0,2018-04-30,16150,64836,1171,6793,2452,3.79,0.76
095720,0,2018-04-30,7080,196436,62366,4794,2451,9.83,0.78
004150,0,2018-04-30,5280,193223,18509,38941,2448,-4.46,0.48
226490,0,2018-04-30,25225,139028,165471,86396,2447,,
008700,0,2018-04-30,3170,2515156,318045,57723,2445,-144.09,3.53
005680,0,2018-04-30,12100,23840,9048,10126,2420,22.87,0.51
900140,0,2018-04-30,5050,210503,54538,14266,2417,16.24,0.55
039570,0,2018-04-30,14650,199785,17299,25344,2411,10.15,1.23
028100,0,2018-04-30,20950,2976587,82653,0,2409,14.09,1.52
003570,0,2018-04-30,7320,28699,3640,5347,2377,-7.69,0.34
003545,0,2018-04-30,9090,45565,12704,9792,2363,6.8,0.35
011160,0,2018-04-30,3780,553029,15437,9945,2329,-1.82,0.37
012610,0,2018-04-30,5750,509148,34623,24122,2323,64.61,1.17
128820,0,2018-04-30,5110,539586,20803,19821,2312,0.73,0.39
007110,0,2018-04-30,2980,9826255,69463,55056,2308,1490.0,4.55
008040,0,2018-04-30,1630,698480,92579,117788,2301,5.05,1.18
002450,0,2018-04-30,2540,914642,134238,52889,2299,-43.05,1.01
008970,0,2018-04-30,2570,34444183,1457773,0,2284,-7.28,4.23
004980,0,2018-04-30,9500,4400737,5715,34565,2281,19.63,0.63
103590,0,2018-04-30,6150,1936222,12144,21454,2280,-109.82,0.72
204480,0,2018-04-30,19525,65711,3485,2523,2265,,
005389,0,2018-04-30,91200,10790,668,3178,2260,6.46,0.35
003350,0,2018-04-30,49550,118073,4899,3063,2246,50.66,3.78
200880,0,2018-04-30,8260,35978,5256,1043,2233,6.54,0.33
001790,0,2018-04-30,25000,22635,309,3275,2210,22.67,0.5
139280,0,2018-04-30,12975,22579,44281,21380,2208,,
000140,0,2018-04-30,9450,10604,4196,9334,2193,-15.54,0.41
229640,0,2018-04-30,7070,131284,27326,4704,2165,16.87,1.85
089470,0,2018-04-30,6770,64872,5291,5243,2160,6.96,0.75
000490,0,2018-04-30,9080,944819,15781,8399,2155,22.42,0.88
036530,0,2018-04-30,13150,11544,7265,6713,2144,31.53,0.36
292050,0,2018-04-30,14960,631632,149501,78277,2132,,
077500,0,2018-04-30,7860,89584,5923,5057,2128,17.51,1.2
000180,0,2018-04-30,3050,995859,106070,54440,2127,50.83,0.41
000320,0,2018-04-30,16000,15365,3346,2509,2127,5.06,0.44
005090,0,2018-04-30,43600,26995,2114,1594,2117,58.6,0.71
000860,0,2018-04-30,32400,6109,1747,689,2106,9.08,0.43
084680,0,2018-04-30,2295,2955592,119164,104923,2077,54.64,1.58
002460,0,2018-04-30,16550,257972,3632,21516,2061,4.62,0.57
192090,0,2018-04-30,8495,433141,2532,32487,2056,,
000390,0,2018-04-30,7760,108489,24719,13498,2052,103.47,0.64
005950,0,2018-04-30,13300,109138,9977,33866,2032,45.08,0.68
251340,0,2018-04-30,5990,9345515,116518,233336,2013,,
017180,0,2018-04-30,8200,803637,19818,18603,2012,25.79,2.05
007810,0,2018-04-30,8500,148313,13223,5051,2008,9.94,0.63
004250,0,2018-04-30,5420,2666,3599,3086,1990,19.36,0.91
194370,0,2018-04-30,14900,39304,4073,24512,1987,34.33,1.23
016610,0,2018-04-30,4680,86617,9335,49597,1986,45.0,0.32
168490,0,2018-04-30,2480,9064,26210,22944,1984,,
143210,0,2018-04-30,9030,7295,489,1047,1974,8.45,0.61
102280,0,2018-04-30,1520,5074955,256762,781676,1963,1.37,0.65
004560,0,2018-04-30,13000,320259,8696,47615,1960,9.99,0.54
044450,0,2018-04-30,8420,81603,5288,5432,1952,7.6,0.84
004310,0,2018-04-30,6100,911566,30866,28003,1952,119.61,1.51
017040,0,2018-04-30,4490,11424303,63637,86048,1946,-99.78,2.21
168580,0,2018-04-30,21810,5320,2998,30507,1941,,
267290,0,2018-04-30,40450,3890,2783,1195,1908,8.09,0.65
282690,0,2018-04-30,13800,2643,1953,1864,1895,155.06,0.59
002360,0,2018-04-30,1680,25431295,259287,815567,1867,19.53,1.76
002840,0,2018-04-30,235000,36,30,339,1863,7.42,1.0
000520,0,2018-04-30,33750,303955,8006,4212,1856,-146.74,3.37
005390,0,2018-04-30,1275,1389478,366081,204639,1832,23.18,0.81
001470,0,2018-04-30,9710,4415451,29069,17609,1822,-3.65,0.77
004440,0,2018-04-30,14300,1176381,17559,61560,1821,41.33,0.64
085310,0,2018-04-30,2275,2562049,143929,173092,1820,-22.75,1.19
067830,0,2018-04-30,4430,22255,6601,8293,1818,6.3,0.43
002900,0,2018-04-30,2780,10550034,132095,125239,1818,120.87,1.37
103130,0,2018-04-30,6110,168381,28647,9094,1814,111.09,1.43
097955,0,2018-04-30,136000,4215,913,1571,1805,5.33,0.57
012690,0,2018-04-30,4930,196850,6777,5888,1803,43.63,2.57
005945,0,2018-04-30,9520,70948,11898,8570,1797,8.16,0.59
026890,0,2018-04-30,4305,149429,11903,2626,1794,25.62,1.17
264900,0,2018-04-30,14300,219847,17190,21441,1791,11.63,1.57
102970,0,2018-04-30,8055,208315,76627,125790,1788,,
000700,0,2018-04-30,6840,124186,1429,7919,1781,-41.96,0.88
090350,0,2018-04-30,8880,322404,6186,1095,1776,6.17,0.61
001460,0,2018-04-30,282500,345,449,240,1765,38.28,0.59
002630,0,2018-04-30,1080,1952795,576710,285590,1762,-8.93,2.47
004060,0,2018-04-30,870,493011,121954,58692,1761,-27.19,0.91
004890,0,2018-04-30,72300,4644,500,1040,1753,7.51,0.46
245710,0,2018-04-30,14770,81318,13936,3241,1743,,
001360,0,2018-04-30,3930,1054055,124229,22270,1735,-20.79,1.73
003960,0,2018-04-30,29100,16339,927,1840,1735,6.05,0.82
014990,0,2018-04-30,2935,6668445,49690,23083,1730,225.77,2.6
013580,0,2018-04-30,19350,162282,14501,4609,1728,3.3,0.51
143860,0,2018-04-30,42700,102846,12187,15395,1725,,
010960,0,2018-04-30,6890,2505363,20756,27685,1722,8.02,1.03
032560,0,2018-04-30,12300,317003,31978,36267,1722,8.58,0.79
248170,0,2018-04-30,37400,13647,2328,724,1709,14.86,1.48
007660,0,2018-04-30,4125,243369,14803,16748,1702,-12.13,0.94
075580,0,2018-04-30,4430,318011,12335,30848,1700,90.41,1.08
092200,0,2018-04-30,7480,47194,1592,6599,1681,120.65,1.0
058730,0,2018-04-30,10900,3678683,62152,38012,1679,9.0,1.39
013570,0,2018-04-30,6340,78140,9893,34978,1669,8.03,0.47
003460,0,2018-04-30,14700,4525,2888,1995,1667,27.68,0.4
007980,0,2018-04-30,3335,204366,37845,11910,1665,15.96,1.16
096775,0,2018-04-30,133000,9679,5288,3440,1660,5.92,0.69
019440,0,2018-04-30,19350,16676,2231,2679,1658,7.0,0.52
015890,0,2018-04-30,5660,5275,13068,3690,1654,15.09,0.9
017900,0,2018-04-30,2850,164029,11224,6763,1651,57.0,0.72
001045,0,2018-04-30,72600,1182,305,904,1641,4.92,0.53
002100,0,2018-04-30,7550,348767,6204,5869,1638,16.13,0.76
117580,0,2018-04-30,5940,14650,14841,11334,1634,11.0,0.54
013360,0,2018-04-30,3045,14269106,84267,23269,1626,-13.72,1.95
058430,0,2018-04-30,27100,31584,2106,7290,1626,9.04,0.75
003830,0,2018-04-30,122000,200,325,480,1620,7.94,0.29
014280,0,2018-04-30,33300,52042,1674,3114,1617,6.94,0.55
004840,0,2018-04-30,8280,1035020,4804,12649,1613,8.98,0.46
012030,0,2018-04-30,809,897453,89501,442715,1604,-202.25,1.04
100250,0,2018-04-30,2835,49213,11607,14869,1585,15.84,0.51
033530,0,2018-04-30,7890,95666,39505,6262,1582,-21.27,0.4
004200,0,2018-04-30,7330,96787,5205,8996,1580,33.62,2.54
012200,0,2018-04-30,4845,603838,5975,8154,1579,19.0,0.9
000230,0,2018-04-30,15000,20602,12625,2088,1574,223.88,0.89
005870,0,2018-04-30,11100,78802,24250,9991,1567,9.66,1.33
090370,0,2018-04-30,4285,1819341,6806,45962,1561,-1.6,4.27
015590,0,2018-04-30,1250,647209,208846,81349,1559,-15.82,1.89
004540,0,2018-04-30,4160,135482,4893,5918,1549,-6.96,0.84
011000,0,2018-04-30,7310,464196,12359,6710,1548,-5.55,4.2
013870,0,2018-04-30,8110,177172,12932,7576,1547,13.49,0.68
003160,0,2018-04-30,4900,246998,39883,10090,1543,8.42,1.09
001340,0,2018-04-30,3430,167837,23493,35824,1541,22.72,1.1
020760,0,2018-04-30,5410,245421,28684,12699,1532,8.73,1.85
041650,0,2018-04-30,7110,7530,6628,2521,1527,6.63,0.83
003555,0,2018-04-30,45700,2229,895,1015,1515,3.35,0.5
009320,0,2018-04-30,3130,767738,52489,41162,1491,51.31,3.91
293180,0,2018-04-30,32285,51034,50182,60010,1485,,
272560,0,2018-04-30,100740,10,4000,995,1484,,
037270,0,2018-04-30,2550,204330,24819,51620,1483,-18.48,1.57
034300,0,2018-04-30,37050,44046,423,3490,1482,5.11,0.93
092220,0,2018-04-30,1310,1519572,647206,237600,1473,131.0,0.67
006220,0,2018-04-30,6620,19149,22451,8181,1465,5.83,0.36
035150,0,2018-04-30,6000,125819,27399,9096,1452,16.17,1.14
084870,0,2018-04-30,6960,39183,1903,4022,1452,-145.0,0.98
024090,0,2018-04-30,12350,2498,18740,4468,1445,11.1,0.75
013520,0,2018-04-30,2235,236496,26325,6977,1443,-3.41,0.51
009155,0,2018-04-30,49600,12592,1428,1497,1442,23.8,0.89
007860,0,2018-04-30,6130,25889,24653,2655,1439,-9.84,0.26
094280,0,2018-04-30,12450,27970,11171,9620,1439,16.25,2.42
005430,0,2018-04-30,45350,5382,1098,1562,1436,6.42,0.44
277630,0,2018-04-30,25160,1528,29975,30530,1434,,
035000,0,2018-04-30,8600,9128,3480,2208,1425,10.12,0.89
025560,0,2018-04-30,224,5007324,1678851,1381100,1415,-10.18,2.33
001290,0,2018-04-30,2790,202749,49248,20475,1414,-35.77,0.98
134790,0,2018-04-30,70500,4937,258,239,1410,457.79,5.44
003280,0,2018-04-30,835,21953180,116992,177825,1409,-1.59,0.99
012160,0,2018-04-30,1640,6309021,138454,180741,1408,-33.47,0.5
233160,0,2018-04-30,21890,519235,1515,27382,1401,,
002760,0,2018-04-30,2335,2948334,92677,98757,1399,111.19,3.24
078000,0,2018-04-30,14400,26004,18876,1883,1397,26.37,0.75
144620,0,2018-04-30,3090,276551,45951,9673,1390,-2.43,1.08
003650,0,2018-04-30,79800,626,1221,845,1388,11.13,0.53
251350,0,2018-04-30,12155,2888,87,99393,1386,,
009200,0,2018-04-30,3325,234386,13018,15029,1384,5.19,0.34
069460,0,2018-04-30,5090,10526784,642512,0,1381,28.28,5.01
004720,0,2018-04-30,11900,654516,87182,32066,1377,30.28,2.63
025750,0,2018-04-30,1705,3586435,104021,664219,1374,38.75,0.89
017370,0,2018-04-30,7460,16754,2837,4457,1366,-173.49,1.06
003580,0,2018-04-30,7120,2357220,34807,3570,1366,-323.64,2.2
292160,0,2018-04-30,14945,1368834,59761,52351,1360,,
02826K,0,2018-04-30,82800,1586,580,892,1348,24.76,0.61
130660,0,2018-04-30,4130,952319,18782,30583,1346,9.65,1.89
002600,0,2018-04-30,223000,199,268,62,1338,11.84,1.11
227840,0,2018-04-30,14600,77543,3200,14005,1329,10.98,0.72
152550,0,2018-04-30,1895,1955,21486,25229,1327,,
100220,0,2018-04-30,10200,30978,7064,7308,1326,7.33,0.6
055490,0,2018-04-30,28100,66271,4609,2407,1326,16.08,1.51
010690,0,2018-04-30,3785,19470,5296,2922,1322,-4.36,0.37
002170,0,2018-04-30,44050,4900,2090,280,1322,5.3,0.49
002620,0,2018-04-30,30350,9179,2615,560,1319,0.52,0.68
092440,0,2018-04-30,4510,6267,2844,5024,1317,451.0,0.6
006340,0,2018-04-30,1930,10825678,75526,91678,1314,193.0,1.7
023000,0,2018-04-30,3285,25229,14680,10022,1314,11.95,0.67
007610,0,2018-04-30,7300,4281060,34222,8187,1314,79.35,1.45
530013,0,2018-04-30,13125,109346,30000,10236,1312,,
034590,0,2018-04-30,30000,1021,3177,1195,1312,9.56,0.72
273140,0,2018-04-30,100605,272,107999,107729,1311,,
006405,0,2018-04-30,80700,1917,403,871,1306,8.64,0.48
008350,0,2018-04-30,1180,1495763,187708,543295,1300,5.99,0.88
111110,0,2018-04-30,16250,32344,2933,4376,1300,29.71,1.09
016710,0,2018-04-30,8070,16075,1028,2137,1298,6.17,0.32
003080,0,2018-04-30,6480,32451,10027,25417,1297,14.0,0.8
071970,0,2018-04-30,5220,314856,68517,10239,1296,0.16,0.88
014530,0,2018-04-30,3695,539786,4923,22887,1288,8.53,0.84
000650,0,2018-04-30,89900,1657,471,564,1285,4.74,2.72
069640,0,2018-04-30,9940,48168,665,11730,1283,17.17,0.8
530026,0,2018-04-30,25655,2842,9332,7975,1283,,
000215,0,2018-04-30,33750,19116,1127,3595,1282,2.66,0.26
001380,0,2018-04-30,2805,413633,47791,17283,1261,350.62,0.99
006090,0,2018-04-30,13350,45442,14470,11742,1258,5.24,0.85
223190,0,2018-04-30,9510,14702,35625,38838,1255,,
267770,0,2018-04-30,12925,491477,76972,61244,1254,,
225800,0,2018-04-30,7815,206828,540730,549156,1245,,
011090,0,2018-04-30,2075,718884,60922,112546,1245,57.64,1.92
009160,0,2018-04-30,4275,27144,1718,9344,1243,9.65,0.44
001530,0,2018-04-30,52200,1239,1756,1789,1241,-19.68,0.19
000850,0,2018-04-30,56300,16110,10161,2292,1239,14.21,0.45
009440,0,2018-04-30,5520,71663,8771,3629,1238,24.1,0.75
002700,0,2018-04-30,1735,1695054,111447,189990,1233,13.05,2.15
005980,0,2018-04-30,8770,0,0,0,1232,-10.03,2.0
075180,0,2018-04-30,6370,21069,5804,5916,1223,9.22,0.56
134380,0,2018-04-30,55900,2310,259,544,1222,9.01,1.35
021820,0,2018-04-30,12200,922,5874,608,1220,44.36,0.28
109070,0,2018-04-30,10500,1521399,134665,37937,1216,-5.69,15.63
277650,0,2018-04-30,14365,203849,38891,35200,1214,,
004910,0,2018-04-30,9460,238448,19206,4927,1211,28.15,0.55
005800,0,2018-04-30,134500,33,677,201,1210,13.26,0.4
016740,0,2018-04-30,6600,215707,9551,21493,1204,9.72,0.95
063160,0,2018-04-30,23000,42963,11312,4736,1203,15.0,0.83
190620,0,2018-04-30,100620,528,1984,2990,1198,,
002300,0,2018-04-30,23900,16151,1802,1370,1196,12.14,0.23
014710,0,2018-04-30,6930,44433,4569,15598,1193,6.17,0.57
047400,0,2018-04-30,2835,880918,13428,62437,1191,-149.21,1.23
016090,0,2018-04-30,2585,130709,22384,27981,1171,9.37,0.66
003480,0,2018-04-30,3945,28272,756,381,1165,-0.84,0.31
091170,0,2018-04-30,9040,58517,49050,38968,1162,,
530024,0,2018-04-30,11570,9590,27232,5146,1157,,
002880,0,2018-04-30,1250,1261129,297171,134165,1148,50.0,1.09
226980,0,2018-04-30,11340,28596,42813,54160,1145,,
011700,0,2018-04-30,3500,185464,15557,26013,1136,24.31,1.42
295040,0,2018-04-30,10225,25187,53804,54720,1135,,
009470,0,2018-04-30,17150,251933,13026,7979,1134,13.26,3.17
294400,0,2018-04-30,35910,85136,150479,209876,1131,,
000500,0,2018-04-30,27000,26250,990,3235,1123,80.36,0.41
053690,0,2018-04-30,10300,164975,14513,31076,1122,12.5,1.03
105840,0,2018-04-30,6420,1806583,35508,9238,1115,-7.13,0.94
017550,0,2018-04-30,2060,10492607,125672,110695,1112,38.15,1.15
129260,0,2018-04-30,3730,319633,25251,18642,1110,18.47,0.48
006980,0,2018-04-30,3580,2630186,17743,21543,1106,94.21,0.56
023800,0,2018-04-30,7290,468635,6070,4757,1105,-7290.0,0.55
004450,0,2018-04-30,51000,104,1879,251,1099,13.1,0.7
006370,0,2018-04-30,10150,2091,1687,3289,1098,-6.67,0.23
002720,0,2018-04-30,6070,335747,25165,8386,1096,101.17,1.54
252710,0,2018-04-30,5860,876879,74629,162864,1096,,
007590,0,2018-04-30,8030,39539,4889,1586,1093,18.46,0.72
000890,0,2018-04-30,1125,1550979,437285,212181,1086,10.14,1.09
530031,0,2018-04-30,21685,621527,25866,71198,1084,,
008600,0,2018-04-30,1895,1061277,79749,128128,1080,189.5,0.71
100840,0,2018-04-30,14800,8294,8421,2242,1080,23.57,0.46
292770,0,2018-04-30,50120,1,20013,19999,1077,,
012800,0,2018-04-30,1180,1130732,142431,293637,1075,8.43,0.56
163560,0,2018-04-30,8270,87547,2939,3298,1075,98.45,0.61
014160,0,2018-04-30,1000,1621643,196480,317713,1066,-35.71,0.78
005750,0,2018-04-30,6380,137157,9671,6585,1064,15.12,0.67
143850,0,2018-04-30,31650,3787,44,3219,1060,,
011785,0,2018-04-30,35050,116419,4657,994,1060,5.5,0.53
004770,0,2018-04-30,3515,1444695,166090,11357,1054,100.43,2.75
005010,0,2018-04-30,15200,164185,3649,23507,1052,28.52,0.28
156080,0,2018-04-30,15055,0,20040,20038,1046,,
009310,0,2018-04-30,2120,518986,98582,18488,1043,12.47,2.06
107590,0,2018-04-30,44500,2583,484,376,1038,13.36,0.84
093240,0,2018-04-30,5380,252322,14083,10824,1031,-9.8,1.62
120030,0,2018-04-30,81700,9769,344,167,1028,6.68,0.97
012320,0,2018-04-30,43300,8360,646,934,1024,2.19,0.28
278620,0,2018-04-30,101030,6,5999,3995,1023,,
002200,0,2018-04-30,25500,27071,9302,686,1020,-19.35,0.47
008260,0,2018-04-30,3575,1020603,8627,40133,1016,9.26,1.04
011150,0,2018-04-30,2820,132611,12261,47754,1013,22.2,1.7
004080,0,2018-04-30,10550,4521,3647,2080,1013,31.97,1.17
015230,0,2018-04-30,50400,16507,1538,844,1008,8.21,0.62
000220,0,2018-04-30,15800,232769,14190,8510,1006,26.03,1.39
058860,0,2018-04-30,2885,71362,16284,17431,1004,12.02,0.61
155660,0,2018-04-30,6250,620500,13892,9384,1000,9.03,0.72
001570,0,2018-04-30,2310,41289,47801,22288,997,5.18,1.5
001750,0,2018-04-30,7820,5601,5623,8021,995,21.14,0.38
058850,0,2018-04-30,2330,339025,107711,12957,995,13.95,0.63
012170,0,2018-04-30,612,1781639,115275,141785,993,-2.32,1.88
083420,0,2018-04-30,4950,86208,8476,5230,990,39.29,0.9
009070,0,2018-04-30,3290,896202,9850,20100,987,11.08,0.54
024890,0,2018-04-30,2390,554903,42292,35048,986,62.89,1.36
004090,0,2018-04-30,150000,93778,3265,0,983,10.1,0.66
011330,0,2018-04-30,1905,1306104,77945,26143,971,16.57,2.78
005110,0,2018-04-30,2815,1391276,62224,20161,970,68.66,2.37
261250,0,2018-04-30,7960,74063,92568,84645,970,,
019685,0,2018-04-30,4985,2782,26826,11712,968,12.43,0.66
027740,0,2018-04-30,829,1550086,57803,120275,968,-8.91,1.1
006660,0,2018-04-30,11900,7524,15427,3485,967,8.63,0.46
130730,0,2018-04-30,101225,6470,10188,4519,967,,
011500,0,2018-04-30,6130,635718,16576,17385,959,11.01,0.86
090080,0,2018-04-30,2550,795289,45776,16588,954,-12.03,1.39
014440,0,2018-04-30,4755,37258,6551,5988,951,3.25,0.66
069730,0,2018-04-30,6600,1652772,17844,11998,950,18.97,0.73
008250,0,2018-04-30,10100,106555,9356,14612,947,17.72,0.61
068290,0,2018-04-30,9450,20655,1418,6153,945,27.96,1.08
009770,0,2018-04-30,37500,1689,171,815,937,8.99,0.51
005190,0,2018-04-30,17500,10730,6296,3994,934,17.88,0.91
023350,0,2018-04-30,8490,3868032,13842,12338,930,-11.89,0.81
000590,0,2018-04-30,79500,1371,49,127,918,15.57,0.42
270800,0,2018-04-30,12480,6981,22787,26676,917,,
000300,0,2018-04-30,1040,1650026,196662,97202,916,-6.89,1.2
007280,0,2018-04-30,5060,554717,26217,24132,912,7.87,1.48
002820,0,2018-04-30,7230,29362,1864,2406,912,-25.55,0.33
002140,0,2018-04-30,3635,1463180,14305,19386,907,17.73,1.01
133820,0,2018-04-30,3040,709366,3688,25607,898,89.41,0.9
03473K,0,2018-04-30,157500,834,596,305,892,6.66,0.65
001550,0,2018-04-30,17100,318373,9566,8999,888,74.35,1.86
007540,0,2018-04-30,30800,8320,5686,442,886,11.05,0.48
145210,0,2018-04-30,2990,0,0,0,879,-4.46,0.69
010770,0,2018-04-30,5940,78325,4897,3720,869,-43.36,0.5
002920,0,2018-04-30,3330,9958,10984,2994,864,13.88,0.32
530025,0,2018-04-30,17280,13,5118,9989,864,,
003610,0,2018-04-30,20400,8628,5528,2979,863,12.33,0.43
118000,0,2018-04-30,3985,2030501,39007,16314,859,-26.93,4.64
003010,0,2018-04-30,6710,7611796,26464,20695,853,42.74,0.75
003547,0,2018-04-30,8450,4338,3698,4204,845,6.32,0.32
014580,0,2018-04-30,3060,366245,15958,16728,844,14.85,0.74
138230,0,2018-04-30,10955,11223,349133,195182,841,,
018470,0,2018-04-30,1205,289765,118885,123206,839,-46.35,0.43
130680,0,2018-04-30,4945,34979,131526,119860,838,,
025820,0,2018-04-30,2480,926699,48681,50750,829,7.38,0.75
000910,0,2018-04-30,5290,976500,18588,2683,826,16.38,0.5
004410,0,2018-04-30,242,5570257,1728056,1339295,817,242.0,3.08
001020,0,2018-04-30,1505,546202,62608,32561,816,-0.44,1.33
023450,0,2018-04-30,61900,397,647,463,814,56.84,1.49
012280,0,2018-04-30,1790,1663629,106262,123448,814,17.38,1.11
006880,0,2018-04-30,6840,60380,6664,8970,809,-9.81,0.58
000040,0,2018-04-30,667,1104369,11680,89677,799,-2.5,1.91
120115,0,2018-04-30,28700,7534,1513,1385,794,5.94,0.37
292500,0,2018-04-30,14980,9824,50000,45017,794,,
277540,0,2018-04-30,10730,13393,35808,49515,789,,
122090,0,2018-04-30,21700,450,36883,63289,788,,
071090,0,2018-04-30,39350,110080,31176,0,787,9.4,0.58
500031,0,2018-04-30,15710,47847,51334,61831,786,,
580007,0,2018-04-30,15645,0,0,0,782,,
252000,0,2018-04-30,11270,42402,23409,38722,778,,
071950,0,2018-04-30,2515,14939502,129534,71140,777,-104.79,3.31
001080,0,2018-04-30,18650,16083,1986,3430,774,18.52,0.26
006740,0,2018-04-30,3470,436152,24151,16258,770,19.83,0.64
008420,0,2018-04-30,3750,2590848,16935,29719,769,7.59,0.67
010040,0,2018-04-30,3355,272523,20113,36192,767,6.59,0.58
079660,0,2018-04-30,10700,8441,2526,6849,766,5.44,0.51
227830,0,2018-04-30,25470,29243,8041,14819,764,,
002410,0,2018-04-30,3200,3073747,20302,9266,761,69.57,1.76
119650,0,2018-04-30,5850,221861,19393,13129,760,11.32,1.0
281990,0,2018-04-30,10490,1482,23771,25784,755,,
006570,0,2018-04-30,4950,14158,1768,2930,754,-17.37,0.68
530037,0,2018-04-30,14955,36925,82130,65782,748,,
245360,0,2018-04-30,13685,20254,80767,80086,739,,
006805,0,2018-04-30,5230,5192,4604,5141,736,7.07,0.4
004270,0,2018-04-30,2025,231523,37630,20992,733,54.73,0.57
013700,0,2018-04-30,16200,89207,8752,8084,731,8.67,1.21
000157,0,2018-04-30,74000,2126,749,1797,729,46.42,0.59
078935,0,2018-04-30,40750,2242,955,2136,727,3.91,0.5
088790,0,2018-04-30,5830,8876,935,6338,726,7.65,0.71
008870,0,2018-04-30,72200,2911,515,398,722,20.53,0.62
014130,0,2018-04-30,6010,353272,5860,17505,721,10.77,1.15
004830,0,2018-04-30,4580,268761,3338,10770,718,147.74,1.09
084670,0,2018-04-30,27700,3319,1134,1348,715,-53.17,0.71
001560,0,2018-04-30,7150,236271,2922,2519,715,17.88,0.74
049800,0,2018-04-30,6950,15010,6702,3441,695,93.92,0.86
114100,0,2018-04-30,110125,212,6005,3834,694,,
001620,0,2018-04-30,1295,1232309,154455,175851,690,-1.36,0.39
007120,0,2018-04-30,665,1981564,263072,10532,689,-20.78,1.04
011390,0,2018-04-30,65000,58856,194686,0,686,21.94,1.37
009460,0,2018-04-30,1140,1736108,206691,360982,680,5.76,0.97
252420,0,2018-04-30,5800,135970,185404,198461,679,,
025530,0,2018-04-30,4535,8380,1220,1374,677,4.42,0.42
015260,0,2018-04-30,814,1083806,86507,57250,674,-3.82,0.86
010100,0,2018-04-30,11000,0,0,0,670,-3.11,0.32
123700,0,2018-04-30,4255,9732,5494,492,664,11.72,0.41
001070,0,2018-04-30,12500,9527,6043,5111,662,-6.91,0.39
500015,0,2018-04-30,9365,50,80423,90118,656,,
272570,0,2018-04-30,99715,20,3001,2981,653,,
018500,0,2018-04-30,1395,238860,74261,28674,652,-25.36,0.91
005360,0,2018-04-30,3450,761175,20884,16648,652,24.13,0.87
004140,0,2018-04-30,1985,1894323,28793,61353,646,-7.41,0.72
001275,0,2018-04-30,21500,531,808,6403,645,7.69,0.44
292750,0,2018-04-30,14995,213,95135,92512,645,,
021050,0,2018-04-30,1345,1828446,57188,224056,639,34.49,0.71
099140,0,2018-04-30,21100,8081,39683,45911,633,,
500001,0,2018-04-30,12660,0,328,36000,628,,
272910,0,2018-04-30,98390,20,3000,2980,628,,
004100,0,2018-04-30,1705,107007,30689,35588,626,-16.72,0.66
020120,0,2018-04-30,3915,98582,3854,6091,620,-27.57,3.76
580006,0,2018-04-30,12385,100,0,0,619,,
026940,0,2018-04-30,3090,625998,21460,47325,618,26.64,0.55
000760,0,2018-04-30,21900,8378,814,1452,613,-28.59,0.57
266160,0,2018-04-30,11325,123,14588,15284,612,,
005320,0,2018-04-30,4475,372407,10544,6783,608,-6.2,1.35
169950,0,2018-04-30,15510,22284,183,1011,605,,
092780,0,2018-04-30,4590,24736,9361,7739,604,5.07,0.71
00499K,0,2018-04-30,61000,3196,1514,1550,602,5.75,0.61
101140,0,2018-04-30,2475,291465,18104,17575,585,-45.0,5.17
266410,0,2018-04-30,11620,309,37561,47304,581,,
214330,0,2018-04-30,5920,360697,7975,13622,578,11.72,0.64
023960,0,2018-04-30,2400,139021,15409,22261,572,-5.85,2.31
096300,0,2018-04-30,460,369106,178041,109641,572,,
550001,0,2018-04-30,11420,7,20000,20000,571,,
001210,0,2018-04-30,8140,25694,1994,6754,568,-3.08,0.8
005305,0,2018-04-30,730000,105,34,62,566,6.78,0.46
002690,0,2018-04-30,3745,1381364,12679,10977,562,41.15,0.43
006890,0,2018-04-30,4820,11234,810,6006,559,34.18,0.57
002220,0,2018-04-30,27400,20001,1424,3073,559,5.79,0.31
011420,0,2018-04-30,2020,145223,35671,31599,556,-9.44,1.37
031820,0,2018-04-30,1155,514412,107081,182128,553,48.12,0.73
243880,0,2018-04-30,28320,20881,1512,12256,552,,
550002,0,2018-04-30,10885,4,1927,20000,544,,
005820,0,2018-04-30,24450,17735,5956,1214,538,14.51,0.54
580004,0,2018-04-30,10750,25,0,6,538,,
093230,0,2018-04-30,352,1913019,153984,206152,536,58.67,0.63
024070,0,2018-04-30,3535,17159,4951,8656,531,883.75,0.46
204450,0,2018-04-30,10175,455229,77773,72137,529,,
114260,0,2018-04-30,55080,1765,20898,21500,529,,
011230,0,2018-04-30,5050,200157,23623,3869,528,-7.62,6.09
009810,0,2018-04-30,779,1636342,62266,155779,528,-6.77,1.1
136340,0,2018-04-30,101710,1425,4934,2024,519,,
044380,0,2018-04-30,524,1174311,157126,101813,518,-6.39,1.05
132030,0,2018-04-30,9765,25055,64348,64982,518,,
072130,0,2018-04-30,3895,19920,7649,6639,514,-8.03,1.1
014910,0,2018-04-30,2605,238340,26192,8904,508,-16.92,1.69
500027,0,2018-04-30,5065,172350,79627,91051,506,,
002070,0,2018-04-30,7320,1509,1656,2473,503,46.62,0.36
217780,0,2018-04-30,12555,287,3543,450,502,,
252720,0,2018-04-30,13725,20609,8036,9982,501,,
283580,0,2018-04-30,9595,29887,5865,28474,499,,
011300,0,2018-04-30,875,767953,18468,32772,498,-5.57,0.56
003465,0,2018-04-30,14200,5,328,1569,496,26.74,0.38
190160,0,2018-04-30,108130,50,6000,1950,495,,
28513K,0,2018-04-30,33850,4636,1798,916,494,-4.39,0.63
009190,0,2018-04-30,3985,22466,1904,1162,491,10.6,4.03
023150,0,2018-04-30,6640,17651,5373,1456,490,7.26,0.7
024900,0,2018-04-30,1500,139632,35786,48581,488,65.22,0.82
027970,0,2018-04-30,1640,123592,43831,17893,485,-15.62,2.61
023810,0,2018-04-30,4830,4598,2930,3115,483,-31.78,0.48
279530,0,2018-04-30,9830,7705,4114,19339,482,,
137610,0,2018-04-30,5560,48036,22269,27929,478,,
108675,0,2018-04-30,46250,1830,1040,320,477,6.82,0.47
239660,0,2018-04-30,103140,127,2974,3003,474,,
580003,0,2018-04-30,9470,0,1,0,474,,
004920,0,2018-04-30,990,3825725,35143,109756,473,-4.09,1.9
000105,0,2018-04-30,200000,32,57,121,472,22.83,1.43
010660,0,2018-04-30,21350,11036,7253,6868,470,80.57,0.34
010600,0,2018-04-30,3070,274080,5526,3830,468,-5.36,1.84
002710,0,2018-04-30,2090,79829,8377,6346,467,30.29,0.44
013000,0,2018-04-30,1935,457703,102876,27759,458,101.84,1.42
019180,0,2018-04-30,2515,106659,9079,2471,453,14.29,1.2
008775,0,2018-04-30,57600,29482,1413,5605,433,91.14,3.27
009140,0,2018-04-30,27400,1228,405,1202,430,-14.44,0.67
008110,0,2018-04-30,4095,1637,2794,2872,430,23.95,0.29
009180,0,2018-04-30,2600,424992,45364,43721,428,14.94,0.91
252730,0,2018-04-30,12945,227,10034,9815,427,,
145270,0,2018-04-30,965,424896,17022,31399,427,16.64,0.69
006200,0,2018-04-30,903,95005,11674,85380,423,9.61,0.33
174360,0,2018-04-30,15000,712,174,393,420,,
182480,0,2018-04-30,11800,60042,30507,30156,413,,
155900,0,2018-04-30,2700,50022,19585,12902,410,-9.03,0.91
002870,0,2018-04-30,1165,186368,27142,22695,407,44.81,0.73
252400,0,2018-04-30,15565,26128,55246,55820,405,,
015540,0,2018-04-30,7740,18026,2358,996,400,-4.28,4.54
123310,0,2018-04-30,6500,86297,80549,60879,396,,
114470,0,2018-04-30,109715,260,8846,9562,395,,
500020,0,2018-04-30,19740,1523,69006,70129,395,,
108450,0,2018-04-30,10370,3859,30130,31561,394,,
010580,0,2018-04-30,780,349227,30268,77700,394,-6.84,1.99
114820,0,2018-04-30,108455,86,7979,7958,390,,
195980,0,2018-04-30,11625,18754,21325,16594,388,,
003780,0,2018-04-30,2985,50410,16902,13716,388,23.32,1.13
006110,0,2018-04-30,3525,17609,7346,5377,388,320.45,0.37
211900,0,2018-04-30,13585,1218,65125,55093,387,,
030720,0,2018-04-30,9000,37675,1689,3618,387,6.83,0.96
005450,0,2018-04-30,5480,145211,2722,11644,385,-9.51,0.71
226810,0,2018-04-30,103945,15,5985,1000,385,,
003680,0,2018-04-30,6990,9324,2365,6501,383,14.78,0.63
550042,0,2018-04-30,18900,40330,2955,19930,378,,
520004,0,2018-04-30,18850,4,154,79999,377,,
213610,0,2018-04-30,7770,101,70154,70383,373,,
550014,0,2018-04-30,18355,36242,20034,20255,367,,
002420,0,2018-04-30,89500,1586,308,41,365,384.12,1.54
025890,0,2018-04-30,3200,1603479,6528,11413,362,-7.66,0.63
003925,0,2018-04-30,215000,41,102,144,358,37.97,0.2
550009,0,2018-04-30,17880,20,12726,20004,358,,
172580,0,2018-04-30,2725,79537,61676,39771,355,-2.08,0.98
003720,0,2018-04-30,1045,347337,164988,50008,355,-1.66,0.67
091230,0,2018-04-30,26310,1417,18364,18360,353,,
000950,0,2018-04-30,20950,2285,1243,597,352,-2.92,0.16
550020,0,2018-04-30,17385,38116,20129,19963,348,,
285690,0,2018-04-30,10205,12,23101,23106,347,,
500002,0,2018-04-30,6930,175,42024,41825,346,,
195930,0,2018-04-30,11535,13515,10009,1725,346,,
261140,0,2018-04-30,11830,13339,33502,34503,343,,
195920,0,2018-04-30,14845,206,9431,6736,341,,
015020,0,2018-04-30,786,165955,17588,58626,337,-18.28,0.74
174350,0,2018-04-30,13305,852,14966,17551,335,,
003475,0,2018-04-30,2595,25034,1012,7307,335,7.79,0.48
182490,0,2018-04-30,11155,8981,74730,52594,335,,
530023,0,2018-04-30,33310,3873,12845,14904,333,,
211560,0,2018-04-30,16830,6333,10631,20152,328,,
590010,0,2018-04-30,16365,10,15000,20000,327,,
263190,0,2018-04-30,50985,3199,4697,4304,326,,
002355,0,2018-04-30,5000,1719,7687,527,325,4.14,0.38
122260,0,2018-04-30,101245,222782,8183,2657,324,,
001420,0,2018-04-30,4260,567563,8748,12249,324,39.08,0.96
001465,0,2018-04-30,149000,96,198,542,321,20.19,0.31
520009,0,2018-04-30,32030,22,2401,11980,320,,
530012,0,2018-04-30,16000,213717,5322,10000,320,,
590009,0,2018-04-30,15490,26,40010,39981,310,,
219480,0,2018-04-30,12805,11239,49503,74185,307,,
520006,0,2018-04-30,15365,2,163,80001,307,,
261060,0,2018-04-30,14140,4571,37657,35431,303,,
275290,0,2018-04-30,10385,1,109999,110033,301,,
520013,0,2018-04-30,15010,2,1285,79999,300,,
005030,0,2018-04-30,1010,455385,62477,246329,296,-2.43,0.41
099340,0,2018-04-30,1295,88809,47727,37900,295,,
530035,0,2018-04-30,9790,527,9474,29999,294,,
140890,0,2018-04-30,3030,2359,14479,10,293,116.54,0.68
520014,0,2018-04-30,14635,2,617,79999,293,,
520003,0,2018-04-30,9745,48,1565,79970,292,,
051630,0,2018-04-30,2425,12750,14519,11300,291,-86.61,0.99
033250,0,2018-04-30,1210,627406,74490,92659,290,-6.95,0.99
253250,0,2018-04-30,15605,38239,198975,199551,290,,
570007,0,2018-04-30,9595,2,253,5010,288,,
123320,0,2018-04-30,15835,76895,37549,644,285,,
001770,0,2018-04-30,23450,5795,1456,1936,285,-13.71,0.77
204210,0,2018-04-30,3625,868,1270,3069,284,47.08,0.68
530039,0,2018-04-30,9460,0,10000,30000,283,,
500009,0,2018-04-30,14095,35,5469,80016,282,,
010420,0,2018-04-30,1375,270893,126317,46884,282,11.46,0.78
530005,0,2018-04-30,14030,259,20147,10753,281,,
550005,0,2018-04-30,13995,24,3175,20037,280,,
500018,0,2018-04-30,13980,701,8551,80431,280,,
510007,0,2018-04-30,13950,24668,80291,100238,279,,
590005,0,2018-04-30,13870,0,715,80000,277,,
520010,0,2018-04-30,27655,6,284,39994,277,,
590006,0,2018-04-30,13790,0,575,80000,276,,
244620,0,2018-04-30,11735,44854,71392,69075,270,,
230480,0,2018-04-30,10935,203850,84778,63259,269,,
580005,0,2018-04-30,8945,0,0,0,268,,
500022,0,2018-04-30,13405,425,771,90043,268,,
550013,0,2018-04-30,13385,37602,3395,20010,268,,
004365,0,2018-04-30,7210,393,1818,19684,266,5.29,0.21
590007,0,2018-04-30,13275,0,4619,40000,265,,
153360,0,2018-04-30,1640,173856,79598,69435,265,-2.79,0.74
570005,0,2018-04-30,13220,140002,15002,15000,264,,
530015,0,2018-04-30,13160,82,10005,29958,263,,
530016,0,2018-04-30,13155,381,10002,29985,263,,
590008,0,2018-04-30,13175,0,101,40000,263,,
243890,0,2018-04-30,14900,34005,7434,5545,261,,
108590,0,2018-04-30,32580,50,17662,17612,261,,
006125,0,2018-04-30,19050,5224,1729,1223,259,0.66,0.22
550026,0,2018-04-30,12930,2,100,20000,259,,
550019,0,2018-04-30,12900,42,20423,20013,258,,
530014,0,2018-04-30,12880,250,9757,10787,258,,
152280,0,2018-04-30,14045,162,91000,90998,257,,
144600,0,2018-04-30,3830,61861,149051,68962,257,,
550029,0,2018-04-30,12780,18802,4215,20010,256,,
530017,0,2018-04-30,12755,0,148,30000,256,,
012600,0,2018-04-30,3050,16393,10,3354,255,-4.33,1.01
292730,0,2018-04-30,15025,37,24964,24999,255,,
157520,0,2018-04-30,12900,1958,14141,14333,255,,
550008,0,2018-04-30,12700,9,5266,20000,254,,
570015,0,2018-04-30,12760,0,102,10000,254,,
530018,0,2018-04-30,12535,0,104,30000,251,,
530033,0,2018-04-30,8290,0,6834,30000,250,,
530032,0,2018-04-30,8265,0,3303,30000,250,,
002025,0,2018-04-30,23000,766,1596,932,248,3.11,0.39
570003,0,2018-04-30,12415,0,100,25000,247,,
251590,0,2018-04-30,11475,11026,29430,22739,247,,
590002,0,2018-04-30,12300,0,131,80000,246,,
019490,0,2018-04-30,4435,20101,5356,2370,245,-2.16,0.64
530019,0,2018-04-30,12245,64,10000,30000,245,,
530020,0,2018-04-30,12240,8,10001,30000,245,,
289040,0,2018-04-30,9760,20,80000,79990,244,,
500021,0,2018-04-30,6095,2496,90130,88836,244,,
550024,0,2018-04-30,12135,4,181,20050,243,,
570008,0,2018-04-30,12235,0,737,25000,243,,
250780,0,2018-04-30,6050,723629,7917,21584,242,,
117700,0,2018-04-30,3500,1319366,69185,74551,242,,
229720,0,2018-04-30,16010,253,11123,11165,240,,
590004,0,2018-04-30,12060,0,5000,20000,240,,
008500,0,2018-04-30,20000,355,444,179,240,-4.21,0.47
266550,0,2018-04-30,10885,1870,40156,46703,239,,
530021,0,2018-04-30,11795,0,767,30000,238,,
590003,0,2018-04-30,11920,0,1660,20000,237,,
244660,0,2018-04-30,11295,31547,24188,30454,237,,
500030,0,2018-04-30,11755,251,5275,80014,235,,
530022,0,2018-04-30,11590,1,447,30000,232,,
139250,0,2018-04-30,15215,69944,48185,35273,231,,
550004,0,2018-04-30,11610,0,100,20000,230,,
157500,0,2018-04-30,4710,28721,15330,12935,229,,
550011,0,2018-04-30,11440,2,2539,20000,229,,
590017,0,2018-04-30,11455,0,20002,80002,228,,
500014,0,2018-04-30,11340,195,1850,54809,227,,
256440,0,2018-04-30,9050,9832,19107,6737,226,,
530036,0,2018-04-30,4520,24141,93602,85865,226,,
520012,0,2018-04-30,11345,0,535,80016,226,,
168300,0,2018-04-30,22135,127,1000,1815,226,,
570012,0,2018-04-30,11210,220,3554,14975,224,,
590018,0,2018-04-30,11200,0,60000,80000,224,,
137930,0,2018-04-30,13975,107,20003,20134,224,,
276970,0,2018-04-30,9675,2409,34523,99870,223,,
550023,0,2018-04-30,11110,18848,1520,20001,222,,
590016,0,2018-04-30,11180,0,10003,40000,222,,
114460,0,2018-04-30,104730,2,3000,3002,220,,
500016,0,2018-04-30,10800,11,15665,80302,216,,
170350,0,2018-04-30,14790,1,15301,15136,216,,
550044,0,2018-04-30,10695,123,20002,20121,214,,
510009,0,2018-04-30,10670,27,80,25000,213,,
550030,0,2018-04-30,10665,104,1952,20000,213,,
211210,0,2018-04-30,12925,2,15020,15000,213,,
570009,0,2018-04-30,10715,0,10054,25000,212,,
530009,0,2018-04-30,10570,3157,5810,10000,211,,
245340,0,2018-04-30,13205,780,160,30872,211,,
219900,0,2018-04-30,3625,34894,8013,9582,210,,
280920,0,2018-04-30,9980,697,10002,11354,210,,
275280,0,2018-04-30,11015,130,70000,69934,209,,
570014,0,2018-04-30,10450,5,246,15000,209,,
225130,0,2018-04-30,12290,30447,1732,30461,209,,
091160,0,2018-04-30,25925,4117,14973,15138,207,,
292340,0,2018-04-30,10355,388,99639,99974,207,,
550016,0,2018-04-30,10350,186555,1861,20006,207,,
276990,0,2018-04-30,10570,13189,21702,80147,206,,
510005,0,2018-04-30,10300,1621,20043,101186,206,,
001140,0,2018-04-30,12200,106142,5494,11930,205,-6.17,1.15
217790,0,2018-04-30,28415,253,12079,11899,205,,
520020,0,2018-04-30,10220,10000,30001,80000,204,,
550047,0,2018-04-30,20225,118,1056,9997,202,,
500032,0,2018-04-30,10105,38224,54825,91612,202,,
500012,0,2018-04-30,10105,15,446,50000,202,,
000087,0,2018-04-30,17650,1547,4975,1572,199,99.16,1.01
550007,0,2018-04-30,9940,152915,6207,20017,199,,
550021,0,2018-04-30,9930,38,1577,20004,199,,
500023,0,2018-04-30,9920,230,2186,55344,198,,
275540,0,2018-04-30,15740,155,1452,1424,197,,
500017,0,2018-04-30,9815,13095,32662,79671,196,,
520021,0,2018-04-30,9710,0,10261,80000,196,,
500024,0,2018-04-30,9770,160,2510,54840,195,,
237370,0,2018-04-30,10850,5307,29871,29597,195,,
133690,0,2018-04-30,32440,37049,20263,30307,195,,
590012,0,2018-04-30,9855,0,20001,40000,193,,
500011,0,2018-04-30,9665,0,6801,50001,193,,
139220,0,2018-04-30,3265,548242,111819,114891,193,,
530038,0,2018-04-30,19210,2078,14461,89974,192,,
140950,0,2018-04-30,24930,71,4000,4012,189,,
291610,0,2018-04-30,9280,6771,10011,20588,189,,
550010,0,2018-04-30,9465,73648,2027,20000,189,,
570013,0,2018-04-30,9430,44,12964,15000,189,,
530011,0,2018-04-30,9400,2,518,10000,188,,
550006,0,2018-04-30,9380,2,2757,20000,188,,
010640,0,2018-04-30,1875,33276,21082,7834,188,34.72,1.03
140910,0,2018-04-30,5060,14820,943,10854,186,-21.17,0.81
510008,0,2018-04-30,9290,199,5599,25023,186,,
004135,0,2018-04-30,8600,1392,5729,1360,186,5.81,0.39
005257,0,2018-04-30,21850,24,1094,404,185,24.97,1.22
237350,0,2018-04-30,24590,2015,11727,39233,184,,
550031,0,2018-04-30,9220,8,162,20001,184,,
590013,0,2018-04-30,9210,150,20056,40000,184,,
148070,0,2018-04-30,115015,1248,2547,2376,184,,
192720,0,2018-04-30,30580,133,1977,2268,183,,
261240,0,2018-04-30,9055,10861,76617,67258,183,,
500004,0,2018-04-30,9135,9,34373,50009,183,,
278420,0,2018-04-30,9835,138,15081,29945,182,,
500003,0,2018-04-30,9090,4402,91819,95838,182,,
530008,0,2018-04-30,9090,39,10051,10000,182,,
550003,0,2018-04-30,9070,10,18485,20260,181,,
147970,0,2018-04-30,25825,6626,11884,12902,181,,
252650,0,2018-04-30,11235,26198,164847,164148,180,,
001685,0,2018-04-30,13100,5858,6515,648,179,8.95,0.54
550022,0,2018-04-30,8960,2,4339,20060,179,,
550015,0,2018-04-30,8895,358,2778,20642,178,,
500007,0,2018-04-30,8865,0,10039,80000,177,,
500006,0,2018-04-30,8825,1,6667,80000,176,,
550045,0,2018-04-30,8765,14,20003,20001,175,,
570010,0,2018-04-30,8750,149,8913,10066,175,,
550027,0,2018-04-30,8605,56732,760,20000,172,,
183700,0,2018-04-30,56755,479,5645,5986,170,,
291630,0,2018-04-30,8505,1643648,45200,49548,170,,
005725,0,2018-04-30,4715,358,1313,129,170,3.16,0.29
500008,0,2018-04-30,8460,281,23026,79979,169,,
266420,0,2018-04-30,18700,12111,35100,35674,168,,
237440,0,2018-04-30,9895,5877,19855,10000,168,,
550033,0,2018-04-30,8370,0,632,20000,168,,
550025,0,2018-04-30,8400,2,943,20000,168,,
159650,0,2018-04-30,1120,128739,30274,44013,167,-0.9,0.52
550032,0,2018-04-30,8280,75413,1755,20000,166,,
003495,0,2018-04-30,14900,1568,1402,439,166,1.73,0.39
570006,0,2018-04-30,8225,81096,15131,15699,164,,
009835,0,2018-04-30,14550,1690,2623,2798,164,2.93,0.4
145995,0,2018-04-30,44150,576,685,158,163,13.26,0.41
091210,0,2018-04-30,51790,14,8017,6000,163,,
500005,0,2018-04-30,8140,61,25002,24939,163,,
104520,0,2018-04-30,9030,10960,30981,30211,163,,
000075,0,2018-04-30,53300,1451,376,280,162,12.55,0.3
500013,0,2018-04-30,7990,12622,72689,68222,160,,
261120,0,2018-04-30,12235,2023,43240,44820,159,,
530003,0,2018-04-30,7905,376689,4602,10119,158,,
117460,0,2018-04-30,13270,4847,39001,39989,158,,
500029,0,2018-04-30,7875,7837,81225,74259,158,,
227570,0,2018-04-30,13015,11908,19270,11064,156,,
269540,0,2018-04-30,11110,1889,29565,29800,156,,
152500,0,2018-04-30,6710,24960,40494,40971,154,,
244670,0,2018-04-30,11010,50172,30022,5254,154,,
530007,0,2018-04-30,7690,1151,4159,10000,154,,
500028,0,2018-04-30,7655,32331,79532,73275,153,,
275300,0,2018-04-30,10045,1,60003,60035,151,,
225040,0,2018-04-30,15055,7576,10471,719,151,,
590011,0,2018-04-30,7485,4,40001,40000,150,,
251600,0,2018-04-30,10580,2649,9076,9954,148,,
570011,0,2018-04-30,7325,16056,11760,10306,146,,
261070,0,2018-04-30,14885,5785,17114,23089,146,,
225060,0,2018-04-30,14565,4113,15422,436,146,,
104530,0,2018-04-30,8560,1403,45290,45903,146,,
105780,0,2018-04-30,6055,1770,103960,104658,145,,
009415,0,2018-04-30,5670,214788,6910,8036,145,4.96,0.42
183710,0,2018-04-30,36240,317,5695,6014,145,,
550012,0,2018-04-30,7190,36832,6504,20055,144,,
530002,0,2018-04-30,14345,15,4555,9995,143,,
236350,0,2018-04-30,14230,10779,3332,444,142,,
152180,0,2018-04-30,16455,717,14869,15383,142,,
117680,0,2018-04-30,10020,58080,35281,26734,140,,
208470,0,2018-04-30,12660,0,25065,25020,139,,
530004,0,2018-04-30,6905,325,20246,10250,138,,
265690,0,2018-04-30,20825,9482,1887,1849,135,,
222180,0,2018-04-30,11275,407,50000,50013,135,,
000725,0,2018-04-30,136500,8286,5625,0,135,75.41,2.35
002005,0,2018-04-30,29600,149,305,227,135,2.27,0.45
500010,0,2018-04-30,6710,142,79986,80120,134,,
190150,0,2018-04-30,110925,0,2000,2000,133,,
530006,0,2018-04-30,6640,2,10255,10000,133,,
004255,0,2018-04-30,2505,513,949,5103,132,8.95,0.42
140700,0,2018-04-30,8800,5113,29044,40229,132,,
266370,0,2018-04-30,11965,3578,59532,65274,132,,
241180,0,2018-04-30,13150,1006,3125,4628,132,,
245350,0,2018-04-30,13150,259,15104,15114,132,,
001515,0,2018-04-30,3345,48142,7850,2736,131,57.67,2.39
520015,0,2018-04-30,12990,25,781,39976,130,,
510001,0,2018-04-30,12880,14,86,50000,129,,
260270,0,2018-04-30,15105,462,99990,99562,128,,
102960,0,2018-04-30,5715,95940,56693,52823,128,,
251890,0,2018-04-30,12775,2,15180,15167,128,,
260200,0,2018-04-30,15880,265,100000,99745,127,,
157490,0,2018-04-30,7940,664,5166,10351,127,,
003535,0,2018-04-30,2635,11575,4367,5081,126,8.67,0.53
227560,0,2018-04-30,13155,279,6451,6242,126,,
289480,0,2018-04-30,10515,421,14795,15122,126,,
550018,0,2018-04-30,6290,1001,1489,20000,126,,
215620,0,2018-04-30,11645,50,20043,20088,126,,
100910,0,2018-04-30,5235,181,10020,9971,126,,
200250,0,2018-04-30,12545,4008,7116,10140,125,,
139660,0,2018-04-30,11630,3126,47263,50822,123,,
520011,0,2018-04-30,12240,10,40012,39996,122,,
279540,0,2018-04-30,10155,30,115152,115289,122,,
253990,0,2018-04-30,12165,67,5019,5028,122,,
019175,0,2018-04-30,5520,10572,3949,2289,121,145.26,1.28
007815,0,2018-04-30,4090,93,336,95,121,4.78,0.3
266360,0,2018-04-30,12055,765,28876,47488,121,,
261110,0,2018-04-30,7995,5020,44964,42906,120,,
203780,0,2018-04-30,13280,2914,10284,10355,120,,
520007,0,2018-04-30,5955,2,9443,79999,119,,
244580,0,2018-04-30,13410,48981,47027,19720,118,,
266390,0,2018-04-30,13080,1269,37592,36975,118,,
247790,0,2018-04-30,11725,211,115004,55020,117,,
210780,0,2018-04-30,12920,1447,22113,15803,116,,
139230,0,2018-04-30,3225,67288,20157,32016,116,,
276000,0,2018-04-30,11515,5050,15166,15097,115,,
253280,0,2018-04-30,13515,4377,15228,15464,115,,
228790,0,2018-04-30,5475,102770,13114,31806,113,,
227540,0,2018-04-30,23585,9843,5039,10159,113,,
004105,0,2018-04-30,3425,22880,1848,4003,113,-33.58,1.32
091180,0,2018-04-30,15975,11426,30633,30235,112,,
570026,0,2018-04-30,11110,26067,921,10000,111,,
247800,0,2018-04-30,12335,5327,39342,35718,111,,
292130,0,2018-04-30,10060,22,10094,10107,111,,
272230,0,2018-04-30,12280,223,10000,19793,111,,
007575,0,2018-04-30,24400,864,233,535,109,-508.33,2.33
250730,0,2018-04-30,13565,186,10072,10044,109,,
530010,0,2018-04-30,5390,393287,10061,10176,108,,
570022,0,2018-04-30,10770,400,18544,24477,108,,
291620,0,2018-04-30,10685,8520,8258,9883,107,,
004415,0,2018-04-30,4790,49392,2416,1661,107,4790.0,60.92
248270,0,2018-04-30,10600,3218,15036,15147,106,,
283930,0,2018-04-30,10060,17,30003,29990,106,,
219390,0,2018-04-30,7525,597,17287,18118,105,,
570020,0,2018-04-30,10495,15,1653,20000,105,,
292100,0,2018-04-30,9525,11,10098,10108,105,,
292590,0,2018-04-30,10465,1000,18002,18000,105,,
204420,0,2018-04-30,9100,3243,25043,21226,105,,
500025,0,2018-04-30,10370,5,807,25017,104,,
234310,0,2018-04-30,11500,67,25183,25119,104,,
292580,0,2018-04-30,10235,1000,23002,23000,102,,
228810,0,2018-04-30,7090,94060,10242,28713,102,,
292110,0,2018-04-30,10180,2,10107,10107,102,,
292140,0,2018-04-30,10135,21,10137,10108,101,,
292120,0,2018-04-30,10105,23,19977,20000,101,,
140570,0,2018-04-30,10005,140,15030,15018,100,,
520005,0,2018-04-30,4980,9,40045,80243,100,,
166400,0,2018-04-30,14170,65,10045,10166,99,,
550046,0,2018-04-30,19800,0,102,5003,99,,
570024,0,2018-04-30,9940,0,101,20000,99,,
218420,0,2018-04-30,8890,1602,20253,20493,99,,
269420,0,2018-04-30,9845,2,25452,27293,98,,
247780,0,2018-04-30,12295,2637,50072,49847,98,,
570021,0,2018-04-30,9825,2,4630,20000,98,,
159800,0,2018-04-30,24560,0,15000,15000,98,,
225030,0,2018-04-30,7260,857,15612,16739,98,,
292560,0,2018-04-30,9775,1021,23329,23000,98,,
289250,0,2018-04-30,9570,10,19990,20000,98,,
292150,0,2018-04-30,9725,2,19999,20000,97,,
248260,0,2018-04-30,9710,73,3034,3008,97,,
269370,0,2018-04-30,9700,0,30002,30065,97,,
139290,0,2018-04-30,16125,216,10102,10083,97,,
284430,0,2018-04-30,10050,5258,125716,80081,96,,
000885,0,2018-04-30,20000,5818,1115,597,96,4.83,0.41
253230,0,2018-04-30,5800,125737,186792,179410,96,,
500026,0,2018-04-30,9545,17,474,24999,95,,
292570,0,2018-04-30,9535,571,18092,18006,95,,
272220,0,2018-04-30,13575,120,10000,19901,95,,
570025,0,2018-04-30,9465,22951,1667,10000,95,,
510003,0,2018-04-30,13440,186,25031,49997,94,,
153270,0,2018-04-30,24750,167,9536,11715,94,,
289260,0,2018-04-30,9145,2849,17324,20495,93,,
253150,0,2018-04-30,30970,795,11456,7832,93,,
550043,0,2018-04-30,4635,42456,26064,36195,93,,
280320,0,2018-04-30,11535,1409,49586,30481,92,,
200020,0,2018-04-30,18000,410,15179,15154,91,,
006345,0,2018-04-30,3465,311355,76283,1858,91,346.5,3.05
196030,0,2018-04-30,18085,2366,3177,1429,90,,
570027,0,2018-04-30,8910,23297,4040,10376,89,,
200030,0,2018-04-30,13805,1270,229,10542,89,,
253290,0,2018-04-30,11070,372,6665,6995,89,,
570023,0,2018-04-30,8845,8085,20001,20000,88,,
000225,0,2018-04-30,7780,9864,716,1041,88,12.82,0.68
287300,0,2018-04-30,12955,11475,19744,19243,88,,
285000,0,2018-04-30,9990,244,24121,24044,88,,
225050,0,2018-04-30,8775,14703,11584,10346,88,,
287180,0,2018-04-30,10320,20,10027,8235,88,,
205720,0,2018-04-30,5840,352,3444,4054,88,,
005745,0,2018-04-30,14500,238667,6210,7059,87,1.05,0.76
001795,0,2018-04-30,13400,723,575,883,87,12.15,0.27
228800,0,2018-04-30,5125,43539,16863,10893,86,,
238720,0,2018-04-30,14290,9168,22371,28268,86,,
252410,0,2018-04-30,7750,2074,81814,81820,85,,
003415,0,2018-04-30,27450,126340,1928,1375,85,8.95,1.42
550041,0,2018-04-30,11930,28463,7272,7184,84,,
145850,0,2018-04-30,33245,1,20001,20003,83,,
138540,0,2018-04-30,18780,1323,5875,6097,83,,
160580,0,2018-04-30,7010,2020,30246,30436,82,,
213630,0,2018-04-30,12655,76,3092,3028,82,,
291660,0,2018-04-30,10240,241570,30095,28246,82,,
291130,0,2018-04-30,10210,896,49282,10213,82,,
530041,0,2018-04-30,11430,0,1039,30000,81,,
117690,0,2018-04-30,17995,1057,20084,20099,81,,
139270,0,2018-04-30,8575,2598,15123,24644,81,,
510002,0,2018-04-30,11500,5,1456,50025,80,,
083370,0,2018-04-30,5060,1,2501,1533,80,16.87,1.01
143460,0,2018-04-30,7995,1000,10031,15009,80,,
145670,0,2018-04-30,7265,5806,20423,22966,80,,
276650,0,2018-04-30,11365,426,41118,50262,80,,
083380,0,2018-04-30,5000,3758,3579,1424,79,16.67,1.0
101280,0,2018-04-30,12795,12791,80134,58965,77,,
291890,0,2018-04-30,9585,1,50008,50010,77,,
550050,0,2018-04-30,10905,0,100,7000,77,,
530042,0,2018-04-30,10795,0,100,30000,76,,
141240,0,2018-04-30,10850,235,15001,14954,76,,
253240,0,2018-04-30,7775,116,200040,199884,75,,
217770,0,2018-04-30,9350,4933,36552,26978,75,,
550038,0,2018-04-30,10630,0,100,7000,74,,
267500,0,2018-04-30,10565,5162,16406,22522,74,,
271060,0,2018-04-30,9810,8680,95562,102283,74,,
261260,0,2018-04-30,12240,38237,57057,75438,73,,
520022,0,2018-04-30,10485,947,957,27053,73,,
26490K,0,2018-04-30,9470,209049,2321,5333,73,7.7,1.04
290130,0,2018-04-30,10440,15,10000,9990,73,,
530043,0,2018-04-30,10345,0,10001,30000,73,,
002995,0,2018-04-30,24900,57816,733,2433,73,9.39,2.24
550040,0,2018-04-30,10335,0,100,7000,73,,
267300,0,2018-04-30,13970,8918,23184,20149,73,,
520023,0,2018-04-30,10345,18,868,27982,72,,
228820,0,2018-04-30,8030,107,10395,10069,72,,
287320,0,2018-04-30,10625,15,20108,20093,72,,
290080,0,2018-04-30,10210,15,15193,15156,71,,
530044,0,2018-04-30,10200,0,100,30000,71,,
131890,0,2018-04-30,14130,43,15010,15216,71,,
520024,0,2018-04-30,10065,3735,5948,24540,70,,
167860,0,2018-04-30,116910,1544,2472,1267,70,,
291680,0,2018-04-30,10010,15,1987,2101,70,,
530048,0,2018-04-30,10045,0,2006,30000,70,,
196220,0,2018-04-30,17505,229,1852,957,70,,
009275,0,2018-04-30,76800,15898,509,792,70,-512.0,25.46
530034,0,2018-04-30,9975,0,2515,30000,70,,
287330,0,2018-04-30,9945,20,20105,20098,70,,
266140,0,2018-04-30,15445,12,13233,13141,70,,
530045,0,2018-04-30,9860,0,100,30000,69,,
530050,0,2018-04-30,9835,1001,1114,29999,69,,
500033,0,2018-04-30,9860,0,100,20000,68,,
550048,0,2018-04-30,9775,0,2218,7000,68,,
211260,0,2018-04-30,34185,20,3001,3006,68,,
284990,0,2018-04-30,10050,32,20115,20103,68,,
530046,0,2018-04-30,9755,0,10000,30000,68,,
550039,0,2018-04-30,9735,0,538,7000,68,,
001745,0,2018-04-30,59500,1514,198,419,68,440.74,6.04
530051,0,2018-04-30,9645,27,100,29973,68,,
510004,0,2018-04-30,9550,6,900,99994,67,,
18064K,0,2018-04-30,12450,6437,3321,7501,67,3.35,0.49
530047,0,2018-04-30,9540,0,100,30000,67,,
189400,0,2018-04-30,13070,956,12446,13621,67,,
530049,0,2018-04-30,9500,28,1004,29972,66,,
550049,0,2018-04-30,9480,0,1006,7000,66,,
181480,0,2018-04-30,66000,143,6004,6060,66,,
256750,0,2018-04-30,8200,6426,27232,22005,66,,
530040,0,2018-04-30,9330,0,407,30000,65,,
232590,0,2018-04-30,5880,14431,32827,30763,65,,
267490,0,2018-04-30,9120,333,15248,15473,64,,
222170,0,2018-04-30,10625,200,20001,19866,64,,
287310,0,2018-04-30,9955,16,20108,20092,64,,
269530,0,2018-04-30,9785,43,50104,50115,64,,
140710,0,2018-04-30,3345,48565,76481,89056,64,,
241390,0,2018-04-30,10525,20,4011,3988,63,,
226380,0,2018-04-30,7875,152,28214,27917,63,,
285020,0,2018-04-30,9775,153,20195,20019,63,,
275750,0,2018-04-30,6245,29477,50736,49002,62,,
014825,0,2018-04-30,23500,297,102,17,62,8.54,1.56
267450,0,2018-04-30,10300,2356,12734,56570,62,,
238670,0,2018-04-30,10240,100,25031,24915,61,,
289670,0,2018-04-30,50875,881,13000,12119,61,,
176710,0,2018-04-30,100530,1,2499,1547,60,,
084695,0,2018-04-30,6600,2333,1985,1712,60,9.44,0.48
236460,0,2018-04-30,10925,611,9108,8631,60,,
244820,0,2018-04-30,10900,312,19991,19821,60,,
185680,0,2018-04-30,21045,277,13841,14055,59,,
099350,0,2018-04-30,1795,32634,9015,4924,59,,
138530,0,2018-04-30,8175,306,10215,10138,59,,
285010,0,2018-04-30,10140,1394,18573,18257,59,,
195970,0,2018-04-30,10890,3286,3506,3172,59,,
261920,0,2018-04-30,14520,824,4611,2118,58,,
140580,0,2018-04-30,11580,24,15007,15014,58,,
267440,0,2018-04-30,9610,368,8832,8845,58,,
091220,0,2018-04-30,9280,3176,19600,18501,58,,
152380,0,2018-04-30,63890,810,8694,3096,58,,
016385,0,2018-04-30,35850,966,612,4713,57,-4.04,3.08
097750,0,2018-04-30,9100,516,19578,20057,57,,
138520,0,2018-04-30,9525,193,10171,11363,57,,
200040,0,2018-04-30,15400,1078,2239,13145,57,,
138910,0,2018-04-30,6300,5394,77020,74608,57,,
005965,0,2018-04-30,25000,32323,789,1651,56,5.47,1.73
222200,0,2018-04-30,10155,7,15002,15042,56,,
001525,0,2018-04-30,8990,447,208,744,56,132.21,2.18
004545,0,2018-04-30,15150,1552,253,1569,55,-25.33,3.06
004565,0,2018-04-30,49850,12483,274,635,55,38.32,2.07
277640,0,2018-04-30,12130,101,20000,19900,55,,
011155,0,2018-04-30,27150,842,368,443,54,213.78,16.33
105010,0,2018-04-30,4150,7730,2719,10492,54,,
222190,0,2018-04-30,9780,748,30000,29330,54,,
510006,0,2018-04-30,7670,664,2924,100109,54,,
200050,0,2018-04-30,10685,2042,8512,12302,54,,
261220,0,2018-04-30,23535,1647,15509,15158,53,,
098560,0,2018-04-30,9415,1021,13716,36166,53,,
280930,0,2018-04-30,10515,1025,49979,49081,53,,
003075,0,2018-04-30,16800,30265,2172,2627,53,25.49,0.92
284980,0,2018-04-30,10365,23,19104,19093,52,,
010145,0,2018-04-30,44500,3063,233,210,51,-58.09,3.2
012205,0,2018-04-30,3540,80857,3361,5742,50,13.88,0.66
220130,0,2018-04-30,4885,0,25148,30331,49,,
256450,0,2018-04-30,8140,0,1565,1574,49,,
280940,0,2018-04-30,9735,15,30000,30374,49,,
139320,0,2018-04-30,7795,916,10148,13053,47,,
004985,0,2018-04-30,6320,372950,11772,3572,46,13.06,0.42
014915,0,2018-04-30,7530,2157,1755,1634,45,-48.9,4.87
261270,0,2018-04-30,11170,1230,29206,31278,45,,
014285,0,2018-04-30,37400,3838,225,759,44,7.79,0.61
001755,0,2018-04-30,8370,143,477,1005,44,22.62,0.41
138920,0,2018-04-30,10905,917,14630,196,44,,
000145,0,2018-04-30,8880,601,1552,1363,42,-14.61,0.39
000545,0,2018-04-30,5380,12040,2105,1586,41,4.11,0.56
090355,0,2018-04-30,8720,2023,312,1870,40,6.06,0.6
000995,0,2018-04-30,35750,2503,256,645,40,14.44,3.39
001065,0,2018-04-30,24350,385,366,234,40,-716.18,1.94
000547,0,2018-04-30,25700,958,999,307,39,19.63,2.66
139240,0,2018-04-30,10245,22602,10750,9326,39,,
004835,0,2018-04-30,2790,14548,17041,3950,39,90.0,0.66
227550,0,2018-04-30,5860,704,11322,14063,39,,
271050,0,2018-04-30,13305,2602,25556,26048,37,,
00781K,0,2018-04-30,4640,344,1136,1747,36,5.43,0.35
139310,0,2018-04-30,5985,1829,10826,8411,36,,
001067,0,2018-04-30,40850,71,238,379,35,-1201.47,3.25
157510,0,2018-04-30,13520,123,9289,6261,35,,
253160,0,2018-04-30,11565,2481,5257,10586,35,,
000325,0,2018-04-30,18000,77,52,629,33,5.69,0.49
002785,0,2018-04-30,3835,59002,7943,5812,33,23.38,7.4
001527,0,2018-04-30,10600,1615,435,741,33,155.88,2.57
001799,0,2018-04-30,24650,64,153,325,32,22.35,0.49
000227,0,2018-04-30,19200,1087,363,1335,32,31.63,1.69
008355,0,2018-04-30,9450,25279,897,3608,29,47.97,7.06
004987,0,2018-04-30,13150,96879,1645,1598,29,27.17,0.87
004989,0,2018-04-30,9880,13422,947,1754,28,20.41,0.66
002787,0,2018-04-30,9130,96845,2754,2813,27,55.67,17.62
001529,0,2018-04-30,24100,2519,28,114,22,354.41,5.83
013367,0,2018-04-30,2615,0,0,0,16,-11.78,1.68
