,code,year,f_roa,f_cfo,f_droa,f_accrual,f_dlever,f_dliquid,f_equityoffer,f_dmargin,f_dturnover,f_total
4,005380,2016,1,1,0,1,1,1,1,0,0,6
9,005490,2016,1,1,1,1,0,1,1,1,0,7
14,028260,2016,1,1,0,1,1,1,1,0,0,6
19,012330,2016,1,1,1,1,0,1,1,0,1,7
24,015760,2016,1,1,0,1,1,1,1,1,0,7
29,034730,2016,1,1,0,1,1,1,1,1,0,7
34,017670,2016,1,1,0,1,0,1,1,0,0,5
39,096770,2016,1,1,1,1,1,1,1,1,0,8
44,066570,2016,1,1,1,1,0,1,1,1,1,8
49,003550,2016,1,1,1,1,1,1,1,1,1,9
54,000270,2016,1,1,0,1,0,1,1,0,0,5
59,006400,2016,0,1,0,1,0,1,1,0,1,5
64,034220,2016,1,1,0,1,0,1,1,0,0,5
69,139480,2016,1,1,1,1,1,1,1,1,1,9
74,009540,2016,1,1,1,1,1,1,1,1,0,8
79,030200,2016,1,1,1,1,0,1,1,0,1,7
84,004020,2016,0,1,0,1,1,1,1,1,0,6
89,023530,2016,1,1,1,1,1,1,1,1,0,8
94,161390,2016,1,1,1,1,1,1,1,1,0,8
99,078930,2016,1,1,0,1,1,1,1,1,0,7
104,032640,2016,1,1,1,1,1,1,1,0,1,8
109,009830,2016,1,1,1,1,1,1,0,1,1,8
114,001040,2016,1,1,0,1,0,1,0,0,1,5
119,000720,2016,1,1,1,1,1,1,1,1,0,8
124,004800,2016,1,1,1,1,1,1,1,1,0,8
129,097950,2016,1,1,1,1,0,1,0,1,1,7
134,036460,2016,1,1,1,1,0,1,1,1,0,7
139,002380,2016,1,1,1,1,0,1,1,1,1,8
144,010060,2016,1,1,1,1,1,1,1,1,1,9
149,241560,2016,1,1,1,1,1,1,0,1,0,7
154,010140,2016,0,1,1,1,1,1,0,1,1,7
159,000880,2016,1,1,1,1,1,1,0,1,0,7
164,004170,2016,1,1,0,1,0,1,1,1,1,7
169,012630,2016,1,1,1,1,1,1,1,1,1,9
174,000120,2016,1,1,1,1,0,1,1,1,1,8
179,028670,2016,1,1,0,1,1,1,0,0,1,6
184,007070,2016,1,1,0,1,1,1,1,0,0,6
189,047050,2016,1,1,1,1,1,1,1,0,1,8
194,000210,2016,1,1,1,1,0,1,1,1,0,7
199,047040,2016,0,1,0,1,1,1,1,0,1,6
204,006260,2016,1,1,1,1,1,1,1,1,1,9
209,069960,2016,1,1,0,1,1,1,1,0,1,7
214,006360,2016,1,1,1,1,0,1,1,0,1,7
219,042670,2016,1,1,1,1,1,1,1,1,1,9
224,000150,2016,1,1,1,1,1,1,1,1,0,8
229,010620,2016,1,1,1,1,1,1,1,1,0,8
234,003410,2016,1,1,1,1,1,1,0,1,1,8
239,120110,2016,1,1,0,1,1,1,0,1,0,6
244,004370,2016,1,1,0,1,1,1,1,1,0,7
249,000670,2016,0,1,1,1,1,1,1,0,0,6
254,000240,2016,1,1,1,1,0,1,1,0,1,7
259,071840,2016,1,1,1,1,0,1,1,1,0,7
264,034020,2016,1,1,1,1,1,1,1,1,0,8
269,012450,2016,1,1,1,1,0,1,1,1,1,8
274,001800,2016,1,1,1,1,1,1,0,1,0,7
279,011790,2016,1,1,0,1,0,1,0,0,0,4
284,011210,2016,1,1,0,1,0,1,1,0,0,5
289,181710,2016,1,1,1,1,1,1,1,0,0,7
294,001740,2016,1,1,0,1,0,1,1,0,0,5
299,000080,2016,1,1,0,1,0,1,1,1,0,6
304,005440,2016,1,1,1,1,1,1,1,1,1,9
309,003240,2016,1,1,1,1,1,1,1,1,0,8
314,064350,2016,1,1,1,1,1,1,1,1,0,8
319,057050,2016,1,1,0,1,0,1,1,0,0,5
324,111770,2016,1,1,0,1,1,1,1,0,0,6
329,103140,2016,1,1,1,1,1,1,1,1,1,9
334,180640,2016,1,1,1,1,1,1,0,0,1,7
339,003300,2016,1,1,0,1,0,1,1,0,1,6
344,002350,2016,1,1,1,1,1,1,1,1,1,9
349,005300,2016,0,1,0,1,1,1,1,1,0,6
354,010780,2016,1,1,1,1,1,1,0,0,1,7
359,001120,2016,1,1,1,1,0,1,1,1,0,7
364,001230,2016,1,1,1,1,1,1,0,1,1,8
369,001430,2016,1,1,0,1,1,1,1,0,0,6
374,006840,2016,1,1,1,1,0,1,1,1,1,8
379,023590,2016,1,1,0,1,1,1,1,0,0,6
384,003090,2016,1,1,0,1,0,1,1,1,0,6
389,020560,2016,1,1,1,1,1,1,0,1,0,7
394,081660,2016,1,1,0,1,0,1,0,0,1,5
399,145990,2016,1,1,1,1,1,1,0,1,1,8
404,000070,2016,1,1,1,1,1,1,1,1,0,8
409,093050,2016,1,1,1,1,1,1,1,0,0,7
414,018670,2016,1,1,1,1,1,1,0,1,1,8
419,073240,2016,1,1,0,1,1,1,1,0,0,6
424,001680,2016,1,1,0,1,0,1,1,0,0,5
429,009410,2016,1,1,1,1,0,1,1,1,1,8
434,005850,2016,1,1,1,1,0,1,1,1,1,8
439,000640,2016,1,1,1,1,1,1,0,1,0,7
444,071320,2016,1,1,0,1,0,1,1,0,0,5
449,108670,2016,1,1,0,1,1,1,1,0,0,6
454,003620,2016,1,1,1,1,1,1,1,1,1,9
459,020000,2016,1,1,1,1,1,1,1,0,1,8
464,009970,2016,1,1,0,1,1,1,1,0,0,6
469,005880,2016,1,1,0,1,0,1,1,0,0,5
474,002020,2016,1,1,1,1,1,1,1,1,1,9
479,037560,2016,1,1,0,1,1,1,1,0,1,7
484,025540,2016,1,1,1,1,0,1,1,1,0,7
489,064960,2016,1,1,0,1,1,1,1,0,0,6
494,002270,2016,1,1,1,1,1,1,1,0,0,7
499,029530,2016,1,1,1,1,1,1,1,1,0,8
504,053210,2016,1,1,0,1,0,1,1,0,0,5
509,019680,2016,1,1,1,1,1,1,1,1,1,9
514,002240,2016,1,1,0,1,1,1,1,1,1,8
519,005180,2016,1,1,1,1,1,1,1,1,0,8
524,060980,2016,1,1,1,1,0,1,1,1,1,8
529,034310,2016,1,1,1,1,1,1,1,0,1,8
534,058650,2016,1,1,0,1,1,1,1,0,0,6
539,003030,2016,1,1,1,1,0,1,1,1,0,7
544,031430,2016,1,1,1,1,0,1,1,1,0,7
549,033920,2016,1,1,0,1,0,1,0,1,0,5
554,001520,2016,1,1,0,1,1,1,0,0,0,5
559,006120,2016,1,1,1,1,1,1,1,0,1,8
564,072710,2016,1,1,1,1,1,1,1,1,1,9
569,192400,2016,1,1,0,1,0,1,1,1,0,6
574,009290,2016,1,1,0,1,1,1,1,0,0,6
579,034120,2016,0,1,0,1,1,1,1,0,0,5
584,004490,2016,1,1,0,1,1,1,1,0,0,6
589,003920,2016,1,1,1,1,1,1,1,0,0,7
594,070960,2016,1,1,0,1,1,1,0,0,1,6
599,027410,2016,1,1,0,1,0,1,0,0,0,4
604,126560,2016,1,1,1,1,1,1,0,0,0,6
609,101060,2016,1,1,0,1,0,1,1,0,1,6
614,004690,2016,1,1,0,1,0,1,1,1,0,6
619,004130,2016,1,1,0,1,0,1,1,0,0,5
624,008060,2016,1,1,1,1,0,1,1,1,0,7
629,017390,2016,0,1,0,1,0,1,1,1,0,5
634,014830,2016,1,1,1,1,0,1,1,1,0,7
639,016450,2016,1,1,0,1,1,1,1,0,0,6
644,005810,2016,1,1,1,1,1,1,1,1,1,9
649,183190,2016,1,1,0,1,1,1,1,0,0,6
654,015350,2016,1,1,1,1,0,1,1,1,0,7
659,079980,2016,1,1,0,1,1,1,1,0,0,6
664,005720,2016,1,1,1,1,1,1,0,1,0,7
669,017940,2016,1,1,0,1,1,1,1,1,0,7
674,016800,2016,1,1,0,1,1,1,1,0,0,6
679,000050,2016,1,1,1,1,1,1,0,1,1,8
684,097230,2016,0,1,1,1,0,1,0,1,1,6
689,001630,2016,1,1,0,1,1,1,0,0,0,5
694,037710,2016,1,1,1,1,1,1,1,1,1,9
699,002000,2016,1,1,0,1,1,1,1,1,1,8
704,213500,2016,1,1,0,1,1,1,0,1,0,6
709,084690,2016,1,1,0,1,0,1,1,0,0,5
714,122900,2016,1,1,0,1,1,1,1,0,0,6
719,095570,2016,1,1,0,1,0,1,0,0,0,4
724,002990,2016,1,1,1,1,0,1,0,1,1,7
729,007690,2016,1,1,0,1,0,1,1,0,0,5
734,007160,2016,1,1,1,1,0,1,1,0,1,7
739,009680,2016,1,1,0,1,1,1,1,0,0,6
744,044820,2016,0,0,0,0,0,0,1,0,0,1
749,000480,2016,1,1,1,1,1,1,1,1,1,9
754,152330,2016,1,1,1,1,0,1,1,1,0,7
759,009580,2016,1,1,0,1,1,1,1,0,0,6
764,104700,2016,1,1,0,1,0,1,1,0,0,5
769,007340,2016,1,1,0,1,1,1,1,1,0,7
774,001390,2016,1,1,0,1,1,1,0,1,0,6
779,025000,2016,1,1,0,1,0,1,1,1,0,6
784,002320,2016,0,1,0,1,1,1,1,0,0,5
789,003120,2016,1,1,0,1,1,1,1,1,1,8
794,001250,2016,1,1,1,1,1,1,0,1,1,8
799,017960,2016,1,1,1,1,0,1,0,1,1,7
804,082740,2016,1,1,1,1,1,1,1,1,1,9
809,002810,2016,1,1,1,1,0,1,1,1,0,7
814,102260,2016,1,1,0,1,1,1,1,1,0,7
819,000430,2016,1,1,1,1,1,1,1,1,1,9
824,000020,2016,1,1,1,1,1,1,1,1,1,9
829,007210,2016,1,1,0,1,1,1,1,0,0,6
834,002030,2016,1,1,1,1,1,1,1,1,1,9
839,200880,2016,1,1,0,1,1,1,1,0,0,6
844,007810,2016,1,1,0,1,1,1,1,0,0,6
849,015860,2016,1,1,0,1,0,1,1,0,1,6
854,001130,2016,1,1,0,1,1,1,1,1,0,7
859,092230,2016,1,1,0,1,0,1,1,1,0,6
864,029460,2016,1,1,0,1,0,1,1,0,0,5
869,027390,2016,0,1,0,1,1,1,1,0,1,6
874,011760,2016,1,1,1,1,1,1,1,1,1,9
879,003570,2016,0,1,0,1,1,1,1,0,0,5
884,005680,2016,1,1,0,1,1,1,1,0,0,6
889,068400,2016,1,1,0,1,1,1,1,1,0,7
894,004960,2016,1,1,1,1,1,1,0,0,1,7
899,003200,2016,1,1,1,1,1,1,1,0,0,7
904,015360,2016,1,1,1,1,0,1,1,1,0,7
909,003070,2016,1,1,1,1,1,1,0,1,1,8
914,001940,2016,1,1,0,1,0,1,1,1,0,6
919,004700,2016,1,1,1,1,0,1,1,1,1,8
924,004360,2016,1,1,0,1,1,1,1,0,0,6
929,900140,2016,1,1,0,1,1,1,1,0,0,6
934,002450,2016,1,1,0,1,1,1,1,1,1,8
939,095720,2016,1,1,1,1,0,1,1,1,0,7
944,004970,2016,1,1,1,1,1,1,1,1,1,9
949,089470,2016,1,1,1,1,1,1,1,1,0,8
954,143210,2016,1,1,1,1,1,1,0,1,0,7
959,000680,2016,0,1,1,1,1,1,1,1,0,7
964,084010,2016,1,1,1,1,1,1,1,0,1,8
969,011280,2016,1,1,1,1,0,1,1,0,0,6
974,036530,2016,1,1,0,1,1,1,0,0,0,5
979,005090,2016,1,1,0,1,1,1,1,0,0,6
984,012610,2016,1,1,1,1,1,1,1,1,1,9
989,000140,2016,1,1,0,1,1,1,1,1,0,7
994,005740,2016,1,1,0,1,1,1,0,0,0,5
999,000860,2016,1,1,0,1,1,1,1,1,0,7
1004,005950,2016,1,1,1,1,1,1,1,1,1,9
1009,000490,2016,0,1,0,1,1,1,1,0,1,6
1014,001880,2016,1,1,0,1,0,1,1,1,0,6
1019,004150,2016,1,1,1,1,1,1,0,1,1,8
1024,000970,2016,1,1,1,1,1,1,1,1,1,9
1029,044450,2016,0,0,0,0,0,0,1,0,0,1
1034,005960,2016,1,1,1,1,0,1,0,1,1,7
1039,001790,2016,1,1,1,1,0,1,1,1,1,8
1044,004560,2016,1,1,1,1,0,1,1,1,1,8
1049,144620,2016,0,1,1,1,0,1,1,1,0,6
1054,000320,2016,1,1,0,1,1,1,1,1,0,7
1059,000390,2016,1,1,0,1,0,1,0,0,0,4
1064,035510,2016,1,1,0,1,1,1,1,0,1,7
1069,000180,2016,1,1,0,1,0,1,0,0,0,4
1074,091090,2016,0,1,0,1,0,1,0,0,0,3
1079,004250,2016,1,1,0,1,1,1,1,0,0,6
1084,016880,2016,0,1,0,1,1,1,0,0,0,4
1089,013870,2016,1,1,1,1,1,1,1,1,0,8
1094,002460,2016,1,1,1,1,0,1,1,1,1,8
1099,067830,2016,1,1,1,1,1,1,1,1,0,8
1104,002310,2016,1,1,1,1,0,1,1,1,1,8
1109,000700,2016,1,1,0,1,1,1,1,0,0,6
1114,092200,2016,1,1,1,1,0,1,1,0,1,7
1119,004890,2016,1,1,1,1,0,1,1,1,1,8
1124,058430,2016,1,1,1,1,1,1,1,1,1,9
1129,004060,2016,1,1,0,1,0,1,1,0,0,5
1134,001460,2016,1,1,0,1,1,1,1,0,1,7
1139,032560,2016,1,1,1,1,0,1,1,1,1,8
1144,011160,2016,1,1,1,1,1,1,0,1,1,8
1149,007860,2016,1,1,0,1,0,1,0,0,0,4
1154,007660,2016,1,1,0,1,0,1,1,0,1,6
1159,013520,2016,1,1,0,1,1,1,1,1,0,7
1164,033530,2016,1,1,1,1,1,1,1,1,0,8
1169,090350,2016,1,1,0,1,1,1,1,1,0,7
1174,017900,2016,0,1,1,1,0,1,1,1,0,6
1179,013570,2016,1,1,0,1,1,1,1,1,0,7
1184,103590,2016,1,1,0,1,1,1,1,0,1,7
1189,002840,2016,1,1,1,1,1,1,1,1,1,9
1194,005390,2016,1,1,0,1,1,1,1,0,0,6
1199,013580,2016,1,1,1,1,1,1,1,1,1,9
1204,019440,2016,1,1,1,1,0,1,1,1,1,8
1209,041650,2016,1,1,0,1,0,1,1,0,0,5
1214,005430,2016,1,1,1,1,1,1,1,1,1,9
1219,002150,2016,1,1,1,1,1,1,1,0,1,8
1224,014280,2016,1,1,1,1,0,1,1,1,1,8
1229,100250,2016,1,1,0,1,1,1,1,0,0,6
1234,100220,2016,1,1,1,1,1,1,1,1,1,9
1239,117580,2016,1,1,1,1,0,1,1,1,0,7
1244,004540,2016,1,1,1,1,1,1,0,1,0,7
1249,002620,2016,1,1,0,1,0,1,1,0,0,5
1254,084870,2016,1,1,1,1,1,1,1,0,0,7
1259,084680,2016,1,1,1,1,1,1,1,1,0,8
1264,069640,2016,1,1,1,1,1,1,0,1,1,8
1269,012200,2016,1,1,1,1,0,1,1,1,1,8
1274,015890,2016,1,1,1,1,0,1,1,1,1,8
1279,010690,2016,1,1,1,1,1,1,1,1,1,9
1284,021820,2016,0,1,0,1,1,1,1,0,0,5
1289,003160,2016,1,1,1,1,0,1,1,1,1,8
1294,035000,2016,1,1,1,1,1,1,1,1,0,8
1299,092220,2016,1,1,0,1,1,1,0,0,1,6
1304,003830,2016,0,1,1,1,1,1,1,1,0,7
1309,003960,2016,1,1,1,1,1,1,1,0,0,7
1314,102280,2016,0,1,0,1,0,1,1,0,0,4
1319,004440,2016,1,1,0,1,1,1,0,1,0,6
1324,004840,2016,1,1,0,1,0,1,0,1,0,5
1329,004980,2016,1,1,1,1,1,1,0,0,1,7
1334,028100,2016,1,1,1,1,1,1,1,1,0,8
1339,075580,2016,1,1,0,1,1,1,0,0,0,5
1344,016590,2016,1,1,1,1,0,1,1,0,1,7
1349,014790,2016,1,1,1,1,0,1,0,1,0,6
1354,145210,2016,0,1,0,1,1,1,1,0,0,5
1359,003650,2016,1,1,0,1,1,1,1,0,0,6
1364,024090,2016,1,1,1,1,0,1,1,1,1,8
1369,002600,2016,1,1,1,1,0,1,1,1,1,8
1374,009270,2016,1,1,0,1,1,1,1,0,0,6
1379,012030,2016,1,1,1,1,1,1,0,1,1,8
1384,227840,2016,1,1,0,1,1,1,1,0,0,6
1389,075180,2016,1,1,0,1,1,1,1,0,0,6
1394,092440,2016,1,1,0,1,1,1,1,1,0,7
1399,078000,2016,1,1,0,1,1,1,1,1,0,7
1404,063160,2016,1,1,1,1,1,1,1,1,1,9
1409,000850,2016,1,1,0,1,1,1,1,0,0,6
1414,016740,2016,1,1,0,1,1,1,1,1,0,7
1419,009440,2016,1,1,1,1,1,1,1,1,1,9
1424,002170,2016,1,1,1,1,0,1,1,1,0,7
1429,016710,2016,1,1,1,1,0,1,1,1,0,7
1434,034590,2016,1,1,1,1,1,1,1,1,0,8
1439,006090,2016,1,1,1,1,1,1,1,1,0,8
1444,005800,2016,1,1,0,1,1,1,1,1,0,7
1449,004910,2016,1,1,0,1,0,1,1,1,0,6
1454,001340,2016,1,1,1,1,0,1,1,1,1,8
1459,009160,2016,1,1,1,1,1,1,1,1,0,8
1464,107590,2016,1,1,0,1,1,1,1,1,0,7
1469,023000,2016,1,1,0,1,1,1,1,0,0,6
1474,006370,2016,0,1,0,1,0,1,1,0,0,4
1479,002100,2016,1,1,0,1,1,1,1,0,0,6
1484,034300,2016,1,1,1,1,0,1,1,0,1,7
1489,016090,2016,1,1,1,1,1,1,1,1,1,9
1494,025750,2016,1,1,1,1,1,1,0,1,0,7
1499,001530,2016,1,1,1,1,1,1,0,1,1,8
1504,003480,2016,1,1,1,1,1,1,1,0,1,8
1509,014530,2016,1,1,1,1,0,1,0,1,0,6
1514,008350,2016,1,1,1,1,1,1,1,0,0,7
1519,003080,2016,1,1,0,1,1,1,0,0,1,6
1524,002300,2016,1,1,1,1,1,1,1,1,0,8
1529,111110,2016,1,1,0,1,1,1,0,1,0,6
1534,002900,2016,1,1,0,1,0,1,1,0,1,6
1539,015230,2016,1,1,0,1,1,1,1,1,0,7
1544,037270,2016,0,1,1,1,0,1,0,1,1,6
1549,100840,2016,1,1,0,1,1,1,1,0,0,6
1554,058860,2016,1,1,1,1,0,1,1,0,0,6
1559,085310,2016,0,1,0,1,1,1,1,0,0,5
1564,010960,2016,1,1,1,1,1,1,1,1,0,8
1569,017040,2016,1,1,1,1,1,1,1,0,1,8
1574,005750,2016,1,1,1,1,0,1,0,0,1,6
1579,023800,2016,1,1,0,1,0,1,1,1,0,6
1584,053690,2016,1,1,0,1,0,0,0,1,1,5
1589,009200,2016,1,1,0,1,1,1,1,0,0,6
1594,014710,2016,1,1,1,1,0,1,1,1,1,8
1599,068290,2016,1,1,1,1,0,1,1,1,1,8
1604,004450,2016,1,1,1,1,1,1,1,1,0,8
1609,012800,2016,1,1,1,1,1,1,1,1,0,8
1614,005010,2016,1,1,0,1,0,1,1,1,0,6
1619,047400,2016,1,1,1,1,1,1,1,1,1,9
1624,163560,2016,1,1,0,1,1,1,0,1,0,6
1629,012160,2016,1,1,0,1,0,1,0,0,1,5
1634,004080,2016,1,1,0,1,0,1,1,0,0,5
1639,002820,2016,1,1,1,1,1,1,0,1,0,7
1644,009770,2016,1,1,1,1,1,1,1,1,0,8
1649,120030,2016,1,1,0,1,1,1,1,1,0,7
1654,003280,2016,1,1,0,1,0,1,0,0,0,4
1659,058730,2016,1,1,1,1,0,1,0,1,0,6
1664,000500,2016,1,1,1,1,1,1,1,1,0,8
1669,012320,2016,1,1,1,1,0,1,1,1,0,7
1674,010770,2016,1,1,1,1,1,1,1,1,1,9
1679,008600,2016,1,1,0,1,0,1,1,1,0,6
1684,000590,2016,1,1,0,1,1,1,1,1,0,7
1689,014440,2016,1,1,1,1,1,1,1,1,0,8
1694,058850,2016,1,1,0,1,1,1,1,0,0,6
1699,002880,2016,1,1,0,1,1,1,0,1,0,6
1704,007590,2016,1,1,0,1,1,1,1,0,0,6
1709,000890,2016,0,1,0,1,0,1,0,0,0,3
1714,006660,2016,1,1,0,1,0,1,1,0,0,5
1719,007540,2016,1,1,1,1,1,1,1,0,1,8
1724,129260,2016,1,1,0,1,1,1,0,0,0,5
1729,002920,2016,1,1,1,1,0,1,1,1,0,7
1734,005190,2016,1,1,0,1,1,1,0,1,0,6
1739,006980,2016,1,1,0,1,0,1,1,1,0,6
1744,155660,2016,1,1,1,1,1,1,1,1,0,8
1749,008260,2016,1,1,1,1,1,1,1,1,0,8
1754,049800,2016,1,1,1,1,0,1,1,1,1,8
1759,014160,2016,1,1,0,1,1,1,0,0,1,6
1764,105840,2016,0,1,0,1,1,1,1,1,0,6
1769,004270,2016,1,1,1,1,1,1,1,1,1,9
1774,008250,2016,1,1,0,1,1,1,1,0,0,6
1779,000220,2016,1,1,1,1,0,1,1,1,0,7
1784,083420,2016,1,1,1,1,0,1,1,1,0,7
1789,003610,2016,1,1,0,1,0,1,1,1,1,7
1794,069730,2016,1,1,0,1,1,1,1,0,1,7
1799,018470,2016,0,1,1,1,1,1,1,1,1,8
1804,079660,2016,1,1,0,1,1,1,1,0,0,6
1809,001020,2016,0,1,1,1,1,1,0,1,1,7
1814,008970,2016,0,1,0,1,1,1,0,0,0,4
1819,084670,2016,1,1,1,1,0,1,1,1,1,8
1824,006570,2016,1,1,1,1,1,1,1,1,1,9
1829,006340,2016,1,1,0,1,1,1,1,0,0,6
1834,027740,2016,0,1,1,1,0,1,0,1,0,5
1839,017550,2016,1,1,0,1,1,1,0,1,0,6
1844,001080,2016,1,1,0,1,1,1,1,0,1,7
1849,123700,2016,1,1,0,1,1,1,1,0,0,6
1854,009070,2016,1,1,0,1,1,1,1,1,0,7
1859,133820,2016,1,1,0,1,0,1,1,1,0,6
1864,023450,2016,1,1,1,1,1,1,0,1,1,8
1869,023350,2016,1,1,1,1,1,1,1,0,1,8
1874,008870,2016,1,1,0,1,0,1,1,0,0,5
1879,014130,2016,1,1,0,1,0,1,1,0,0,5
1884,000040,2016,0,1,1,1,1,1,0,1,0,6
1889,014580,2016,1,1,1,1,0,1,1,1,1,8
1894,025820,2016,1,1,1,1,1,1,1,1,1,9
1899,010040,2016,1,1,1,1,1,1,1,1,0,8
1904,001070,2016,1,1,0,1,0,1,1,0,0,5
1909,088790,2016,1,1,1,1,0,1,1,1,1,8
1914,006880,2016,0,1,0,1,0,1,1,0,0,4
1919,006740,2016,1,1,1,1,1,1,1,1,1,9
1924,002200,2016,1,1,1,1,1,1,1,1,0,8
1929,012280,2016,1,1,0,1,0,1,1,0,0,5
1934,025530,2016,1,1,0,1,1,1,1,0,0,6
1939,002140,2016,1,1,0,1,0,1,1,1,0,6
1944,004100,2016,1,1,1,1,1,1,1,1,0,8
1949,011500,2016,1,1,1,1,0,1,1,1,1,8
1954,000910,2016,1,1,1,1,0,1,1,1,0,7
1959,001620,2016,1,1,1,1,0,1,1,1,0,7
1964,004090,2016,1,1,0,1,0,1,1,0,0,5
1969,119650,2016,1,1,1,1,1,1,0,1,1,8
1974,004830,2016,1,1,1,1,0,1,1,1,1,8
1979,014990,2016,0,1,0,1,1,1,1,0,1,6
1984,018500,2016,1,1,1,1,1,1,0,0,0,6
1989,009460,2016,1,1,1,1,0,1,1,1,1,8
1994,005360,2016,1,1,1,1,1,1,1,1,1,9
1999,000300,2016,1,1,1,1,1,1,1,1,0,8
2004,024070,2016,1,1,0,1,1,1,1,0,0,6
2009,092780,2016,1,1,0,1,1,1,0,1,0,6
2014,008420,2016,1,1,1,1,0,1,1,1,1,8
2019,007610,2016,1,1,0,1,1,1,1,0,0,6
2024,010100,2016,1,1,0,1,0,1,1,0,0,5
2029,007120,2016,0,1,0,1,1,1,0,0,1,5
2034,013360,2016,1,1,1,1,1,1,1,0,1,8
2039,072130,2016,0,1,0,1,1,1,1,0,0,5
2044,000520,2016,1,1,1,1,0,1,1,1,1,8
2049,021050,2016,1,1,1,1,0,1,0,1,1,7
2054,001560,2016,1,1,1,1,0,1,1,1,0,7
2059,001210,2016,1,1,1,1,1,1,1,1,1,9
2064,026940,2016,1,1,0,1,1,1,1,1,0,7
2069,006890,2016,1,1,0,1,1,1,1,1,0,7
2074,002220,2016,1,1,1,1,1,1,1,1,1,9
2079,000760,2016,1,1,0,1,1,1,1,1,0,7
2084,024900,2016,1,1,0,1,1,1,1,1,0,7
2089,005820,2016,1,1,1,1,0,1,1,1,1,8
2094,002690,2016,1,1,0,1,1,1,1,0,0,6
2099,004140,2016,1,1,0,1,0,1,0,1,0,5
2104,010660,2016,0,1,0,1,1,1,1,0,0,5
2109,214330,2016,1,1,0,1,0,1,1,0,0,5
2114,002070,2016,0,1,1,1,0,1,1,1,1,7
2119,023810,2016,1,1,1,1,0,1,1,1,0,7
2124,013700,2016,1,1,1,1,1,1,1,0,1,8
2129,002710,2016,1,1,1,1,1,1,1,1,1,9
2134,023150,2016,1,1,1,1,0,1,1,1,1,8
2139,002410,2016,1,1,1,1,0,1,1,0,0,6
2144,003010,2016,1,1,1,1,0,1,1,0,1,7
2149,005320,2016,1,1,1,1,0,1,0,1,1,7
2154,071090,2016,1,1,1,1,0,1,1,1,1,8
2159,007280,2016,0,1,1,1,0,1,0,1,1,6
2164,031820,2016,1,1,1,1,0,1,1,1,1,8
2169,013000,2016,1,1,0,1,0,1,1,0,1,6
2174,008110,2016,1,1,1,1,1,1,1,1,1,9
2179,009810,2016,0,1,0,1,1,1,0,0,0,4
2184,155900,2016,1,1,1,1,1,1,1,0,1,8
2189,145270,2016,1,1,0,1,1,1,0,0,0,5
2194,003720,2016,0,1,1,1,1,1,1,1,0,7
2199,015260,2016,1,1,0,1,0,1,0,0,0,4
2204,005450,2016,0,1,0,1,0,1,1,0,0,4
2209,023960,2016,0,1,0,1,0,1,1,0,0,4
2214,006200,2016,0,1,1,1,1,1,1,1,0,7
2219,015020,2016,0,1,0,1,0,1,1,0,0,4
2224,011300,2016,0,1,0,1,0,1,1,0,1,5
2229,019180,2016,1,1,1,1,1,1,1,1,1,9
2234,003780,2016,1,1,0,1,1,1,1,0,0,6
2239,003680,2016,1,1,1,1,1,1,1,0,1,8
2244,011390,2016,1,1,1,1,1,1,1,0,1,8
2249,006110,2016,1,1,1,1,1,1,1,1,1,9
2254,009180,2016,1,1,1,1,0,1,1,1,1,8
2259,009140,2016,1,1,0,1,1,1,1,0,0,6
2264,004920,2016,0,1,0,1,0,1,0,0,0,3
2269,010420,2016,1,1,0,1,1,1,1,0,0,6
2274,000950,2016,0,1,0,1,0,1,1,0,0,4
2279,005030,2016,0,1,0,1,0,1,1,0,0,4
2284,051630,2016,1,1,0,1,0,1,1,0,0,5
2289,172580,2016,1,1,1,1,0,1,1,0,1,7
2294,001420,2016,1,1,1,1,1,1,1,1,1,9
2299,204210,2016,1,1,1,1,1,1,0,0,1,7
2304,001770,2016,1,1,0,1,0,1,1,0,1,6
2309,002870,2016,1,1,1,1,1,1,1,1,1,9
2314,140890,2016,1,1,1,1,1,1,1,0,1,8
2319,012600,2016,0,1,0,1,0,1,0,0,1,4
2324,025890,2016,0,1,0,1,1,1,1,0,0,5
2329,008500,2016,1,1,1,1,1,1,1,1,1,9
2334,153360,2016,1,1,0,1,1,1,1,0,1,7
2339,019490,2016,0,1,0,1,1,1,1,0,0,5
2344,033250,2016,0,1,0,1,0,1,1,0,1,5
2349,010640,2016,0,1,0,1,0,1,1,0,1,5
2354,001140,2016,1,1,1,1,1,1,1,1,1,9
2359,140910,2016,1,1,0,1,1,1,1,1,0,7
2364,159650,2016,1,1,0,1,1,1,1,0,0,6
2369,083370,2016,1,1,1,1,0,1,1,0,1,7
2374,083380,2016,1,1,0,1,0,1,1,0,1,6
2379,035760,2016,1,1,0,1,1,1,1,1,1,8
2384,003380,2016,1,1,0,1,1,1,0,0,0,5
2389,030530,2016,1,1,0,1,0,1,1,1,1,7
2394,006730,2016,1,1,1,1,0,1,1,1,0,7
2399,032190,2016,1,1,0,1,1,1,0,0,0,5
2404,025900,2016,1,1,0,1,1,1,1,1,0,7
2409,044490,2016,0,0,0,0,0,0,1,0,0,1
2414,013120,2016,1,1,0,1,1,1,1,1,0,7
2419,023410,2016,1,1,1,1,1,1,1,1,1,9
2424,003800,2016,1,1,0,1,0,1,1,1,0,6
2429,035810,2016,1,1,1,1,1,1,1,1,0,8
2434,015750,2016,1,1,0,1,0,1,1,0,0,5
2439,025980,2016,1,1,0,1,0,1,1,0,0,5
2444,016250,2016,1,1,0,1,1,1,1,0,0,6
2449,038500,2016,1,1,1,1,0,1,1,1,1,8
2454,023160,2016,1,1,0,1,1,1,1,0,0,6
2459,036540,2016,1,1,1,1,1,1,0,0,0,6
2464,013030,2016,1,1,0,1,0,1,1,0,0,5
2469,100130,2016,1,1,1,1,1,1,1,1,1,9
2474,024660,2016,1,1,0,1,0,1,1,0,1,6
2479,014620,2016,1,1,0,1,1,1,1,0,0,6
2484,095660,2016,1,1,1,1,1,1,1,0,1,8
2489,060720,2016,0,1,0,1,1,1,1,0,0,5
2494,011370,2016,1,1,1,1,1,1,1,1,0,8
2499,033160,2016,1,1,1,1,0,1,1,1,0,7
2504,037460,2016,1,1,0,1,1,1,0,1,0,6
2509,121440,2016,1,1,1,1,1,1,1,1,1,9
2514,035080,2016,0,1,0,1,1,1,1,1,0,6
2519,045100,2016,0,0,0,0,0,0,1,0,0,1
2524,036030,2016,1,1,1,1,0,1,1,0,1,7
2529,052330,2016,1,1,0,1,1,1,1,1,0,7
2534,005160,2016,1,1,1,1,0,1,0,1,1,7
2539,043370,2016,1,1,1,1,0,1,1,1,0,7
2544,900290,2016,1,1,0,1,1,1,0,0,0,5
2549,005990,2016,1,1,1,1,1,1,0,1,0,7
2554,222800,2016,1,1,0,1,1,1,0,1,0,6
2559,038060,2016,1,1,0,1,0,1,1,1,0,6
2564,035890,2016,1,1,1,1,1,1,1,1,1,9
2569,052400,2016,0,1,0,1,0,1,1,0,0,4
2574,115160,2016,1,1,0,1,0,1,1,0,0,5
2579,046140,2016,1,1,1,1,0,1,1,1,1,8
2584,053350,2016,1,1,0,1,0,1,1,0,1,6
2589,013990,2016,1,1,1,1,1,1,1,1,1,9
2594,104480,2016,1,1,0,1,0,1,1,0,0,5
2599,031330,2016,1,1,0,1,1,1,0,1,1,7
2604,039560,2016,0,1,0,1,1,1,0,1,0,5
2609,018310,2016,1,1,0,1,1,1,0,1,0,6
2614,017890,2016,1,1,1,1,1,1,1,1,0,8
2619,021320,2016,1,1,1,1,1,1,1,1,1,9
2624,900300,2016,1,1,0,1,0,1,0,1,0,5
2629,131290,2016,0,1,0,1,0,1,1,0,0,4
2634,900260,2016,1,1,1,1,0,1,0,0,1,6
2639,060300,2016,1,1,1,1,1,1,0,1,0,7
2644,049070,2016,1,1,1,1,0,1,0,0,0,5
2649,077360,2016,1,1,0,1,1,1,1,0,0,6
2654,073560,2016,1,1,0,1,1,1,0,0,1,6
2659,079370,2016,1,1,0,1,1,1,1,1,0,7
2664,041440,2016,1,1,1,1,1,1,1,1,1,9
2669,068790,2016,1,1,1,1,0,1,0,1,1,7
2674,035610,2016,1,1,0,1,0,1,1,0,1,6
2679,900270,2016,1,1,0,1,0,1,0,1,0,5
2684,194480,2016,0,1,0,1,1,1,0,0,1,5
2689,054620,2016,1,1,1,1,0,1,0,1,1,7
2694,215200,2016,1,1,0,1,1,1,1,0,0,6
2699,005710,2016,1,1,1,1,1,1,1,1,1,9
2704,122450,2016,1,1,1,1,0,1,0,0,1,6
2709,012700,2016,1,1,0,1,0,1,1,0,0,5
2714,060560,2016,1,1,0,1,0,1,0,0,0,4
2719,053450,2016,1,1,0,1,1,1,0,0,1,6
2724,004650,2016,1,1,0,1,0,1,0,1,0,5
2729,014470,2016,1,1,1,1,1,1,0,1,1,8
2734,900250,2016,1,1,0,1,0,1,1,1,0,6
2739,151860,2016,1,1,0,1,1,1,1,0,0,6
2744,034810,2016,1,1,0,1,0,1,1,0,0,5
2749,054800,2016,1,1,0,1,1,1,1,0,0,6
2754,090730,2016,1,1,1,1,1,1,1,1,1,9
2759,093920,2016,1,1,0,1,0,1,1,0,0,5
2764,088390,2016,1,1,0,1,1,1,0,0,0,5
2769,066980,2016,1,1,1,1,0,1,0,0,1,6
2774,031510,2016,1,1,0,1,1,1,1,1,0,7
2779,049520,2016,1,1,0,1,0,1,1,0,0,5
2784,088130,2016,1,1,1,1,0,1,1,1,1,8
2789,072870,2016,0,1,0,1,0,1,1,1,0,5
2794,007680,2016,1,1,1,1,1,1,0,1,1,8
2799,093190,2016,1,1,0,1,1,1,1,0,0,6
2804,051360,2016,1,1,0,1,1,1,1,0,1,7
2809,065680,2016,1,1,1,1,1,1,1,0,1,8
2814,024950,2016,1,1,0,1,0,1,1,0,1,6
2819,036560,2016,1,1,0,1,1,1,1,0,0,6
2824,058400,2016,1,1,0,1,1,1,1,0,0,6
2829,072470,2016,1,1,1,1,1,1,1,1,1,9
2834,108380,2016,1,1,0,1,0,1,1,0,1,6
2839,053700,2016,1,1,0,1,1,1,1,0,0,6
2844,038390,2016,1,1,0,1,0,1,1,0,0,5
2849,083650,2016,1,1,1,1,1,1,1,1,1,9
2854,003100,2016,1,1,1,1,1,1,1,0,1,8
2859,011560,2016,1,1,1,1,0,1,1,0,1,7
2864,042370,2016,1,1,1,1,1,1,0,1,1,8
2869,071460,2016,1,1,0,1,1,1,0,0,1,6
2874,033560,2016,1,1,0,1,1,1,1,1,0,7
2879,101330,2016,1,1,1,1,0,1,1,1,1,8
2884,069510,2016,1,1,1,1,1,1,1,0,1,8
2889,083930,2016,1,1,1,1,0,1,1,0,1,7
2894,042420,2016,1,1,1,1,1,1,1,0,1,8
2899,149950,2016,1,1,1,1,0,1,1,1,1,8
2904,085810,2016,1,1,0,1,1,1,1,0,1,7
2909,095500,2016,1,1,1,1,1,1,1,1,1,9
2914,027710,2016,1,1,0,1,1,1,0,1,0,6
2919,002230,2016,1,1,0,1,0,1,1,0,0,5
2924,067310,2016,0,1,0,1,1,1,1,0,0,5
2929,046070,2016,1,1,1,1,0,1,0,0,0,5
2934,009300,2016,1,1,1,1,1,1,1,1,1,9
2939,084730,2016,1,1,1,1,0,1,0,1,1,7
2944,033170,2016,0,1,0,1,1,1,1,0,1,6
2949,173940,2016,0,1,0,1,0,1,1,0,0,4
2954,122350,2016,1,1,0,1,1,1,1,0,0,6
2959,123410,2016,1,1,1,1,0,1,1,0,1,7
2964,045970,2016,1,1,1,1,1,1,0,0,0,6
2969,040610,2016,1,1,1,1,0,1,1,0,1,7
2974,037350,2016,1,1,1,1,1,1,0,1,1,8
2979,900080,2016,1,1,0,1,0,1,1,0,0,5
2984,065350,2016,1,1,1,1,1,1,0,1,0,7
2989,195990,2016,1,1,0,1,1,1,0,0,0,5
2994,900040,2016,1,1,0,1,0,1,1,1,0,6
2999,088910,2016,1,1,1,1,0,1,0,1,0,6
3004,053620,2016,1,1,1,1,1,1,1,1,0,8
3009,126600,2016,1,1,0,1,1,1,1,1,0,7
3014,170920,2016,0,1,0,1,0,1,0,0,0,3
3019,078070,2016,1,1,0,1,1,1,1,1,0,7
3024,043650,2016,0,1,1,1,0,1,1,1,0,6
3029,111870,2016,1,1,0,1,0,1,1,1,0,6
3034,004780,2016,1,1,1,1,1,1,1,1,0,8
3039,061250,2016,1,1,1,1,0,1,1,1,0,7
3044,065130,2016,1,1,0,1,1,1,1,1,1,8
3049,099440,2016,1,1,1,1,0,1,0,1,1,7
3054,228340,2016,1,1,0,1,1,1,0,1,0,6
3059,023600,2016,1,1,1,1,0,1,1,1,1,8
3064,012790,2016,1,1,0,1,0,1,1,0,1,6
3069,080520,2016,1,1,1,1,0,1,1,1,0,7
3074,900120,2016,1,1,0,1,0,1,0,0,0,4
3079,079960,2016,1,1,0,1,0,1,1,0,0,5
3084,049470,2016,1,1,0,1,0,1,0,0,0,4
3089,096640,2016,1,1,1,1,0,1,0,1,0,6
3094,039340,2016,1,1,1,1,1,1,1,0,0,7
3099,060370,2016,1,1,0,1,1,1,1,0,0,6
3104,053280,2016,1,1,0,1,0,1,1,0,1,6
3109,100090,2016,1,1,0,1,1,1,0,0,0,5
3114,112240,2016,1,1,1,1,0,1,0,0,1,6
3119,048430,2016,1,1,0,1,1,1,1,0,1,7
3124,061040,2016,1,1,1,1,1,1,0,1,0,7
3129,026040,2016,1,1,1,1,1,1,1,1,1,9
3134,038680,2016,0,1,0,1,0,1,1,0,1,5
3139,111820,2016,1,1,0,1,0,1,0,1,0,5
3144,054210,2016,1,1,0,1,1,1,0,1,0,6
3149,095910,2016,1,1,0,1,1,1,0,1,0,6
3154,106190,2016,1,1,0,1,0,1,1,0,1,6
3159,079650,2016,1,1,0,1,1,1,0,1,0,6
3164,079940,2016,1,1,1,1,0,1,1,1,1,8
3169,101490,2016,1,1,0,1,0,1,0,0,0,4
3174,106240,2016,1,1,0,1,0,1,0,0,1,5
3179,039980,2016,1,1,0,1,0,1,1,0,0,5
3184,140520,2016,0,1,0,1,0,1,1,1,0,5
3189,065940,2016,0,1,1,1,0,1,0,1,0,5
3194,040300,2016,1,1,1,1,1,1,1,1,1,9
3199,068930,2016,1,1,0,1,1,1,0,1,1,7
3204,067570,2016,1,1,1,1,1,1,1,1,0,8
3209,024800,2016,1,1,1,1,0,1,1,1,0,7
3214,234920,2016,1,1,0,1,1,1,0,1,0,6
3219,065950,2016,1,1,0,1,0,1,0,1,0,5
3224,056360,2016,1,1,0,1,0,1,1,1,0,6
3229,087600,2016,0,1,0,1,1,1,1,0,0,5
3234,041520,2016,1,1,0,1,1,1,1,0,0,6
3239,122690,2016,1,1,0,1,1,1,1,0,0,6
3244,187220,2016,1,1,0,1,0,1,1,0,1,6
3249,115310,2016,1,1,1,1,1,1,1,0,1,8
3254,049430,2016,1,1,1,1,1,1,1,1,0,8
3259,033130,2016,1,1,1,1,1,1,1,1,1,9
3264,123040,2016,1,1,0,1,1,1,0,0,0,5
3269,064820,2016,1,1,1,1,0,1,1,1,1,8
3274,033830,2016,1,1,0,1,1,1,1,0,0,6
3279,127710,2016,1,1,0,1,0,1,1,0,0,5
3284,120240,2016,1,1,1,1,0,1,1,0,1,7
3289,076610,2016,1,1,0,1,1,1,1,0,1,7
3294,036710,2016,1,1,1,1,0,1,1,1,1,8
3299,065530,2016,1,1,0,1,0,1,1,1,0,6
3304,067900,2016,1,1,1,1,0,1,0,1,1,7
3309,033200,2016,1,1,1,1,0,1,1,0,0,6
3314,042110,2016,1,1,0,1,1,1,1,0,0,6
3319,143160,2016,0,1,0,1,1,1,1,0,0,5
3324,138070,2016,1,1,0,1,1,1,1,0,0,6
3329,092460,2016,1,1,0,1,1,1,0,0,0,5
3334,137950,2016,1,1,1,1,1,1,1,1,1,9
3339,073110,2016,1,1,1,1,1,1,1,1,1,9
3344,024120,2016,1,1,1,1,1,1,1,1,1,9
3349,036640,2016,1,1,0,1,0,1,1,0,0,5
3354,091970,2016,0,1,1,1,1,1,0,1,1,7
3359,006140,2016,1,1,0,1,1,1,1,1,0,7
3364,032960,2016,1,1,0,1,1,1,0,0,1,6
3369,066900,2016,1,1,0,1,1,1,1,0,1,7
3374,094820,2016,1,1,0,1,0,1,1,0,1,6
3379,065570,2016,1,1,1,1,1,1,1,1,1,9
3384,037070,2016,1,1,0,1,0,1,1,1,0,6
3389,005860,2016,1,1,1,1,1,1,0,1,0,7
3394,089850,2016,1,1,1,1,1,1,0,1,1,8
3399,056700,2016,1,1,1,1,1,1,1,0,1,8
3404,102210,2016,1,1,0,1,1,1,1,0,0,6
3409,042600,2016,1,1,0,1,1,1,1,0,0,6
3414,041930,2016,1,1,0,1,1,1,1,0,0,6
3419,083550,2016,1,1,0,1,1,1,1,0,0,6
3424,119850,2016,1,1,1,1,1,1,1,1,0,8
3429,114630,2016,1,1,1,1,0,1,1,1,0,7
3434,016670,2016,1,1,0,1,0,1,0,0,0,4
3439,032940,2016,1,1,1,1,1,1,1,1,0,8
3444,066670,2016,1,1,0,1,1,1,1,1,0,7
3449,091340,2016,1,1,0,1,1,1,0,0,1,6
3454,014970,2016,1,1,1,1,1,1,1,1,1,9
3459,013310,2016,1,1,0,1,0,1,0,0,1,5
3464,126880,2016,1,1,0,1,0,1,0,0,0,4
3469,900090,2016,1,1,1,1,1,1,1,1,1,9
3474,024880,2016,1,1,0,1,1,1,1,0,0,6
3479,900070,2016,1,1,1,1,1,1,0,1,0,7
3484,053260,2016,1,1,0,1,1,1,1,0,0,6
3489,052300,2016,1,1,1,1,0,1,0,1,0,6
3494,189980,2016,1,1,0,1,1,1,1,0,0,6
3499,066590,2016,1,1,1,1,0,1,0,1,0,6
3504,091590,2016,1,1,1,1,1,1,1,1,1,9
3509,114450,2016,1,1,0,1,0,1,1,0,0,5
3514,054090,2016,1,1,0,1,1,1,0,0,0,5
3519,024910,2016,1,1,0,1,1,1,1,1,0,7
3524,066130,2016,1,1,0,1,1,1,1,0,1,7
3529,025550,2016,1,1,1,1,0,1,1,1,1,8
3534,106520,2016,0,1,0,1,1,1,0,0,0,4
3539,032540,2016,1,1,0,1,0,1,1,0,1,6
3544,081580,2016,1,1,0,1,0,1,1,0,0,5
3549,054040,2016,1,1,0,1,0,1,1,1,0,6
3554,012860,2016,1,1,0,1,0,1,1,0,0,5
3559,017480,2016,1,1,1,1,1,1,1,1,0,8
3564,035480,2016,0,1,0,1,1,1,0,0,0,4
3569,099660,2016,1,1,0,1,1,1,0,0,0,5
3574,037330,2016,1,1,1,1,0,1,1,0,1,7
3579,094840,2016,1,1,1,1,0,1,0,1,1,7
3584,050960,2016,1,1,1,1,1,1,0,0,1,7
3589,076080,2016,0,1,0,1,0,1,0,0,0,3
3594,159580,2016,0,1,0,1,0,1,1,1,0,5
3599,037440,2016,1,1,0,1,1,1,1,0,1,7
3604,078860,2016,0,1,0,1,1,1,0,0,0,4
3609,058530,2016,1,1,1,1,1,1,0,0,1,7
3614,032750,2016,1,1,1,1,1,1,1,1,0,8
3619,001810,2016,1,1,1,1,1,1,1,1,0,8
3624,154040,2016,0,1,0,1,0,1,1,0,1,5
3629,109860,2016,1,1,0,1,0,1,1,0,0,5
3634,051490,2016,1,1,0,1,1,1,1,0,0,6
3639,221980,2016,1,1,0,1,1,1,1,1,0,7
3644,170030,2016,1,1,0,1,1,1,0,1,0,6
3649,045060,2016,0,0,0,0,0,0,1,0,0,1
3654,097870,2016,1,1,0,1,0,1,1,1,0,6
3659,053290,2016,1,1,0,1,1,1,1,0,0,6
3664,042500,2016,1,1,1,1,1,1,0,0,1,7
3669,051780,2016,0,1,0,1,0,1,0,0,0,3
3674,090410,2016,0,1,0,1,1,1,1,0,0,5
3679,025950,2016,1,1,1,1,1,1,1,1,0,8
3684,082850,2016,0,1,0,1,1,1,0,0,0,4
3689,133750,2016,1,1,0,1,1,1,0,0,0,5
3694,019010,2016,1,1,1,1,1,1,1,1,1,9
3699,086670,2016,0,1,0,1,1,1,1,0,0,5
3704,010470,2016,1,1,1,1,1,1,0,0,0,6
3709,049830,2016,1,1,0,1,1,1,1,0,1,7
3714,101170,2016,1,1,0,1,0,1,1,1,0,6
3719,054220,2016,1,1,1,1,1,1,0,0,1,7
3724,007370,2016,0,1,0,1,0,1,1,0,0,4
3729,052900,2016,1,1,1,1,1,1,0,1,0,7
3734,096040,2016,0,1,1,1,1,1,0,1,0,6
3739,900180,2016,1,1,0,1,1,1,0,1,0,6
3744,017250,2016,1,1,0,1,0,1,0,1,1,6
3749,024830,2016,1,1,0,1,1,1,1,0,0,6
3754,017000,2016,1,1,1,1,1,1,1,1,1,9
3759,037760,2016,1,1,0,1,0,1,1,0,1,6
3764,028080,2016,1,1,0,1,1,1,1,0,0,6
3769,054540,2016,1,1,0,1,1,1,1,1,0,7
3774,131760,2016,0,1,0,1,1,1,0,0,0,4
3779,066310,2016,1,1,0,1,1,1,1,1,0,7
3784,027580,2016,0,1,0,1,1,1,0,0,0,4
3789,004590,2016,1,1,1,1,0,1,1,0,1,7
3794,099220,2016,1,1,0,1,0,1,0,0,0,4
3799,019540,2016,1,1,1,1,1,1,1,1,0,8
3804,177830,2016,1,1,1,1,1,1,1,1,1,9
3809,039310,2016,1,1,1,1,0,1,1,0,1,7
3814,124500,2016,0,1,1,1,1,1,0,1,1,7
3819,010240,2016,1,1,1,1,0,1,1,1,1,8
3824,017650,2016,1,1,1,1,0,1,0,1,1,7
3829,237750,2016,1,1,0,1,1,1,0,0,0,5
3834,071850,2016,1,1,0,1,0,1,1,0,0,5
3839,038950,2016,0,1,0,1,0,1,1,0,0,4
3844,062860,2016,0,1,0,1,1,1,0,1,0,5
3849,046940,2016,1,1,0,1,1,1,1,0,0,6
3854,033340,2016,0,1,0,1,1,1,1,0,1,6
3859,075130,2016,1,1,1,1,1,1,1,0,1,8
3864,092300,2016,1,1,1,1,0,1,0,1,1,7
3869,050860,2016,1,1,1,1,1,1,1,1,0,8
3874,900280,2016,1,1,1,1,0,1,0,1,1,7
3879,060540,2016,1,1,0,1,1,1,0,0,1,6
3884,085910,2016,1,1,1,1,0,1,0,1,1,7
3889,039240,2016,1,1,0,1,1,1,1,0,0,6
3894,006580,2016,1,1,1,1,0,1,1,1,1,8
3899,089150,2016,1,1,1,1,1,1,1,1,0,8
3904,063440,2016,0,1,0,1,1,1,0,1,1,6
3909,198440,2016,1,1,0,1,1,1,1,1,0,7
3914,096610,2016,1,1,0,1,1,1,1,1,1,8
3919,065690,2016,1,1,1,1,1,1,0,1,0,7
3924,153490,2016,0,1,0,1,0,1,0,1,0,4
3929,176440,2016,1,1,1,1,1,1,0,1,1,8
3934,090740,2016,1,1,1,1,1,1,1,1,0,8
3939,053050,2016,1,1,1,1,0,1,0,1,0,6
3944,045890,2016,1,1,0,1,0,1,0,1,0,5
3949,011080,2016,0,1,0,1,1,1,0,0,0,4
3954,189690,2016,1,1,0,1,0,1,0,0,0,4
3959,123570,2016,1,1,1,1,0,1,0,0,1,6
3964,128660,2016,1,1,0,1,1,1,0,0,0,5
3969,031310,2016,1,1,1,1,0,1,1,1,1,8
3974,115480,2016,1,1,0,1,1,1,0,0,1,6
3979,900110,2016,1,1,0,1,1,1,0,1,0,6
3984,044060,2016,1,1,0,1,1,1,0,0,0,5
3989,174880,2016,1,1,0,1,1,1,0,0,0,5
3994,039020,2016,1,1,1,1,0,1,1,1,1,8
3999,008370,2016,1,1,0,1,0,1,1,0,0,5
4004,038110,2016,1,1,0,1,1,1,0,1,0,6
4009,035460,2016,0,1,0,1,1,1,0,0,0,4
4014,212560,2016,1,1,0,1,1,1,1,0,0,6
4019,032080,2016,1,1,0,1,1,1,0,0,1,6
4024,017680,2016,0,1,0,1,0,1,0,0,0,3
4029,126640,2016,1,1,0,1,1,1,1,1,0,7
4034,072990,2016,1,1,0,1,1,1,0,1,1,7
4039,007770,2016,1,1,1,1,1,1,1,0,1,8
4044,012620,2016,1,1,1,1,0,1,1,1,0,7
4049,123750,2016,0,1,0,1,1,1,0,1,0,5
4054,054940,2016,1,1,0,1,1,1,1,0,1,7
4059,187790,2016,0,1,0,1,1,1,0,0,1,5
4064,057030,2016,0,1,0,1,0,1,1,1,0,5
4069,069540,2016,1,1,1,1,1,1,0,1,1,8
4074,086060,2016,1,1,1,1,1,1,0,1,1,8
4079,005670,2016,1,1,0,1,0,1,1,0,0,5
4084,134580,2016,0,1,0,1,1,1,1,0,0,5
4089,008470,2016,1,1,1,1,1,1,0,1,1,8
4094,079000,2016,1,1,0,1,0,1,0,0,0,4
4099,030270,2016,0,1,0,1,0,1,0,0,0,3
4104,192390,2016,1,1,0,1,0,1,1,0,0,5
4109,037400,2016,0,1,0,1,1,1,1,0,0,5
4114,081150,2016,1,1,1,1,1,1,0,0,1,7
4119,075970,2016,1,1,1,1,1,1,1,1,1,9
4124,048470,2016,1,1,1,1,1,1,1,1,1,9
4129,019770,2016,1,1,1,1,0,1,1,1,0,7
4134,101930,2016,0,1,0,1,1,1,1,0,0,5
4139,051390,2016,1,1,1,1,0,1,1,0,1,7
4144,115440,2016,1,1,0,1,1,1,1,0,0,6
4149,105740,2016,1,1,0,1,1,1,1,0,0,6
4154,069330,2016,0,1,1,1,0,1,1,1,0,6
4159,104460,2016,1,1,0,1,1,1,1,0,1,7
4164,100660,2016,1,1,0,1,1,1,1,0,0,6
4169,033310,2016,1,1,0,1,0,1,1,0,0,5
4174,127160,2016,0,1,0,1,1,1,1,0,0,5
4179,006050,2016,1,1,1,1,0,1,0,1,1,7
4184,024060,2016,1,1,1,1,1,1,1,1,0,8
4189,026150,2016,1,1,0,1,0,1,1,0,1,6
4194,131400,2016,0,1,1,1,1,1,0,1,1,7
4199,219130,2016,1,1,0,1,1,1,1,0,0,6
4204,141070,2016,0,1,1,1,1,1,0,1,0,6
4209,002680,2016,1,1,1,1,1,1,1,1,1,9
4214,114190,2016,0,1,0,1,1,1,1,0,0,5
4219,052600,2016,1,1,0,1,1,1,1,0,0,6
4224,048830,2016,1,1,1,1,1,1,1,1,1,9
4229,100030,2016,1,1,1,1,1,1,1,1,0,8
4234,039610,2016,1,1,1,1,0,1,1,0,1,7
4239,077280,2016,0,1,1,1,1,1,0,1,0,6
4244,016920,2016,1,1,1,1,1,1,1,1,1,9
4249,115610,2016,1,1,0,1,0,1,1,1,0,6
4254,024740,2016,1,1,0,1,1,1,0,1,0,6
4259,053270,2016,1,1,0,1,0,1,1,1,0,6
4264,021650,2016,1,1,0,1,1,1,1,0,1,7
4269,045300,2016,0,0,0,0,0,0,1,0,0,1
4274,065500,2016,0,1,0,1,0,1,0,0,1,4
4279,002290,2016,1,1,0,1,1,1,1,1,0,7
4284,109080,2016,1,1,1,1,1,1,1,1,1,9
4289,098120,2016,0,1,0,1,0,1,1,0,0,4
4294,153460,2016,1,1,0,1,0,1,0,1,0,5
4299,073540,2016,0,1,0,1,0,1,1,0,0,4
4304,054930,2016,1,1,1,1,0,1,1,1,1,8
4309,033050,2016,1,1,1,1,0,1,1,1,1,8
4314,115570,2016,1,1,1,1,1,1,0,1,1,8
4319,051380,2016,1,1,1,1,1,1,0,1,1,8
4324,072950,2016,1,1,1,1,1,1,1,0,0,7
4329,217190,2016,0,1,0,1,0,1,1,0,0,4
4334,078350,2016,1,1,0,1,1,1,1,0,0,6
4339,113810,2016,1,1,1,1,0,1,0,0,1,6
4344,067010,2016,1,1,0,1,1,1,1,1,0,7
4349,000440,2016,1,1,0,1,1,1,1,1,0,7
4354,060480,2016,1,1,0,1,0,1,1,1,1,7
4359,105330,2016,0,1,0,1,1,1,1,0,1,6
4364,196700,2016,1,1,0,1,1,1,1,0,0,6
4369,083470,2016,0,1,0,1,1,1,0,0,1,5
4374,079170,2016,1,1,1,1,0,1,1,1,1,8
4379,039740,2016,0,1,0,1,0,1,1,0,0,4
4384,155960,2016,0,1,0,1,0,1,0,0,0,3
4389,025880,2016,1,1,1,1,1,1,0,1,1,8
4394,221610,2016,1,1,1,1,1,1,0,1,0,7
4399,060380,2016,1,1,1,1,0,1,1,1,1,8
4404,214870,2016,0,1,0,1,0,1,1,0,0,4
4409,082660,2016,1,1,0,1,1,1,0,1,0,6
4414,038010,2016,1,1,0,1,1,1,1,0,0,6
4419,057880,2016,0,1,1,1,1,1,0,1,1,7
4424,032280,2016,1,1,1,1,1,1,1,1,1,9
4429,189860,2016,1,1,1,1,0,1,1,1,1,8
4434,093380,2016,1,1,1,1,0,1,1,1,0,7
4439,058450,2016,1,1,0,1,1,1,1,0,1,7
4444,101670,2016,1,1,1,1,1,1,0,0,1,7
4449,080530,2016,0,1,0,1,1,1,0,0,1,5
4454,023440,2016,1,1,1,1,0,1,0,1,0,6
4459,070590,2016,1,1,0,1,1,1,0,0,0,5
4464,091440,2016,0,1,0,1,0,1,1,0,1,5
4469,054410,2016,1,1,0,1,0,1,1,0,0,5
4474,044780,2016,0,0,0,0,0,0,1,0,0,1
4479,009620,2016,0,1,0,1,1,1,1,0,0,5
4484,050760,2016,1,1,1,1,1,1,1,1,1,9
4489,032040,2016,0,1,0,1,0,1,1,0,0,4
4494,023790,2016,1,1,1,1,0,1,1,1,1,8
4499,130740,2016,1,1,1,1,1,1,1,1,1,9
4504,096350,2016,0,1,0,1,0,1,1,0,0,4
4509,122800,2016,1,1,0,1,0,1,0,1,0,5
4514,119830,2016,1,1,1,1,1,1,1,1,1,9
4519,043360,2016,0,1,1,1,0,1,1,0,0,5
4524,043260,2016,1,1,1,1,1,1,1,1,1,9
4529,073190,2016,0,1,0,1,1,1,1,0,1,6
4534,080580,2016,0,1,0,1,0,1,1,0,0,4
4539,047440,2016,0,1,0,1,1,1,1,0,0,5
4544,007530,2016,1,1,0,1,1,1,1,0,0,6
4549,024940,2016,1,1,1,1,0,1,1,1,1,8
4554,103230,2016,0,1,0,1,0,1,1,0,0,4
4559,098660,2016,1,1,0,1,1,1,1,0,1,7
4564,099410,2016,1,1,0,1,1,1,0,1,0,6
4569,090150,2016,1,1,1,1,1,1,1,1,1,9
4574,069140,2016,1,1,0,1,0,1,1,0,1,6
4579,026910,2016,1,1,1,1,1,1,1,1,0,8
4584,013720,2016,1,1,0,1,1,1,0,0,0,5
4589,067770,2016,0,1,1,1,0,1,1,1,1,7
4594,121890,2016,0,1,0,1,0,1,1,0,0,4
4599,101680,2016,0,1,1,1,1,1,1,1,0,7
4604,089790,2016,0,1,0,1,0,1,1,0,0,4
4609,008830,2016,0,1,0,1,1,1,1,0,0,5
4614,020400,2016,1,1,0,1,1,1,1,0,0,6
4619,086250,2016,0,1,0,1,0,1,1,0,0,4
4624,087220,2016,0,0,0,0,0,0,1,0,0,1
4629,053060,2016,0,1,0,1,1,1,1,0,0,5
